Isin, Datum, Zeit, Kurs, Volumen, Off Book
CH0020603475, 22.03.2021, 10:31, 305.000000, 425.000000,
CH0020603475, 16.12.2025, 15:05, 385.000000, 73.000000,
CH0020603475, 16.12.2025, 15:17, 385.000000, 1.000000,
CH0020603475, 17.12.2025, 08:30, 385.000000, 35.000000,
CH0020603475, 26.03.2021, 11:07, 306.000000, 40.000000,
CH0020603475, 26.03.2021, 11:07, 305.000000, 16.000000,
CH0020603475, 17.12.2025, 08:30, 385.000000, 30.000000,
CH0020603475, 26.03.2021, 11:07, 305.000000, 24.000000,
CH0020603475, 17.12.2025, 08:33, 385.000000, 25.000000,
CH0020603475, 17.12.2025, 09:31, 385.000000, 10.000000,
CH0020603475, 17.12.2025, 09:47, 385.000000, 15.000000,
CH0020603475, 17.12.2025, 10:18, 385.000000, 18.000000,
CH0020603475, 17.12.2025, 12:17, 385.000000, 55.000000,
CH0020603475, 17.12.2025, 15:55, 383.000000, 10.000000,
CH0020603475, 17.12.2025, 15:55, 383.000000, 9.000000,
CH0020603475, 18.12.2025, 14:35, 385.000000, 25.000000,
CH0020603475, 19.12.2025, 09:45, 385.000000, 10.000000,
CH0020603475, 19.12.2025, 14:40, 385.000000, 20.000000,
CH0020603475, 09.04.2021, 10:04, 305.000000, 50.000000,
CH0020603475, 22.12.2025, 08:30, 385.000000, 10.000000,
CH0020603475, 22.12.2025, 08:45, 385.000000, 60.000000,
CH0020603475, 22.12.2025, 08:47, 385.000000, 15.000000,
CH0020603475, 22.12.2025, 09:09, 385.000000, 18.000000,
CH0020603475, 22.12.2025, 15:10, 399.000000, 10.000000,
CH0020603475, 15.04.2021, 10:08, 305.000000, 22.000000,
CH0020603475, 22.12.2025, 08:30, 385.000000, 120.000000,
CH0020603475, 29.12.2025, 16:50, 399.000000, 20.000000,
CH0020603475, 03.05.2021, 10:10, 306.000000, 4.000000,
CH0020603475, 03.05.2021, 13:15, 314.000000, 250.000000,
CH0020603475, 03.05.2021, 13:51, 306.000000, 46.000000,
CH0020603475, 04.05.2021, 11:57, 305.000000, 2.000000,
CH0020603475, 04.05.2021, 11:57, 305.000000, 27.000000,
CH0020603475, 17.05.2021, 09:54, 320.000000, 31.000000,
CH0020603475, 19.05.2021, 15:07, 309.000000, 100.000000,
CH0020603475, 06.01.2026, 14:18, 392.000000, 2.000000,
CH0020603475, 27.05.2021, 13:34, 309.000000, 25.000000,
CH0020603475, 06.01.2026, 14:18, 390.000000, 10.000000,
CH0020603475, 06.01.2026, 14:18, 384.000000, 20.000000,
CH0020603475, 08.01.2026, 10:17, 392.000000, 5.000000,
CH0020603475, 08.01.2026, 11:17, 392.000000, 19.000000,
CH0020603475, 06.01.2026, 14:18, 380.000000, 8.000000,
CH0020603475, 09.06.2021, 08:32, 309.000000, 15.000000,
CH0020603475, 09.06.2021, 10:10, 310.000000, 20.000000,
CH0020603475, 09.06.2021, 11:04, 320.000000, 10.000000,
CH0020603475, 09.06.2021, 11:10, 310.000000, 30.000000,
CH0020603475, 09.01.2026, 15:13, 394.000000, 10.000000,
CH0020603475, 09.01.2026, 15:13, 393.000000, 66.000000,
CH0020603475, 12.01.2026, 08:40, 394.000000, 40.000000,
CH0020603475, 12.01.2026, 10:46, 399.000000, 15.000000,
CH0020603475, 12.01.2026, 12:16, 399.000000, 15.000000,
CH0020603475, 15.06.2021, 16:42, 308.000000, 10.000000,
CH0020603475, 13.01.2026, 09:14, 400.000000, 24.000000,
CH0020603475, 16.06.2021, 11:18, 308.000000, 140.000000,
CH0020603475, 13.01.2026, 14:13, 393.500000, 20.000000,
CH0020603475, 13.01.2026, 14:43, 400.000000, 6.000000,
CH0020603475, 18.06.2021, 13:47, 307.000000, 7.000000,
CH0020603475, 21.06.2021, 10:19, 310.000000, 13.000000,
CH0020603475, 13.01.2026, 14:43, 415.000000, 25.000000,
CH0020603475, 13.01.2026, 14:43, 450.000000, 19.000000,
CH0020603475, 29.06.2021, 09:06, 307.000000, 20.000000,
CH0020603475, 15.01.2026, 15:44, 420.000000, 10.000000,
CH0020603475, 15.01.2026, 16:22, 420.000000, 10.000000,
CH0020603475, 15.01.2026, 16:22, 420.000000, 20.000000,
CH0020603475, 20.07.2021, 10:47, 310.000000, 126.000000,
CH0020603475, 19.01.2026, 09:50, 435.000000, 6.000000,
CH0020603475, 19.01.2026, 16:30, 434.000000, 2.000000,
CH0020603475, 21.07.2021, 09:42, 310.000000, 4.000000,
CH0020603475, 19.01.2026, 16:30, 435.000000, 44.000000,
CH0020603475, 23.07.2021, 09:00, 308.000000, 15.000000,
CH0020603475, 19.01.2026, 16:30, 437.000000, 4.000000,
CH0020603475, 20.01.2026, 08:30, 435.000000, 30.000000,
CH0020603475, 20.01.2026, 10:21, 430.000000, 10.000000,
CH0020603475, 28.07.2021, 13:48, 320.000000, 25.000000,
CH0020603475, 20.01.2026, 08:30, 436.500000, 90.000000,
CH0020603475, 20.01.2026, 08:30, 437.000000, 566.000000,
CH0020603475, 21.01.2026, 14:17, 430.000000, 35.000000,
CH0020603475, 05.08.2021, 13:57, 311.000000, 23.000000,
CH0020603475, 06.08.2021, 08:30, 310.000000, 88.000000,
CH0020603475, 22.01.2026, 16:02, 430.000000, 15.000000,
CH0020603475, 22.01.2026, 16:58, 422.000000, 10.000000,
CH0020603475, 23.01.2026, 12:26, 430.000000, 16.000000,
CH0020603475, 22.01.2026, 16:58, 406.000000, 4.000000,
CH0020603475, 22.01.2026, 16:58, 405.000000, 25.000000,
CH0020603475, 11.08.2021, 15:04, 307.000000, 30.000000,
CH0020603475, 11.08.2021, 15:04, 305.000000, 30.000000,
CH0020603475, 22.01.2026, 16:58, 405.000000, 20.000000,
CH0020603475, 22.01.2026, 16:58, 402.500000, 7.000000,
CH0020603475, 27.01.2026, 10:56, 425.000000, 30.000000,
CH0020603475, 30.08.2021, 11:44, 305.000000, 70.000000,
CH0020603475, 27.01.2026, 16:04, 424.000000, 6.000000,
CH0020603475, 28.01.2026, 08:31, 430.000000, 11.000000,
CH0020603475, 27.01.2026, 16:04, 425.000000, 12.000000,
CH0020603475, 28.01.2026, 16:36, 430.000000, 20.000000,
CH0020603475, 16.09.2021, 15:12, 320.000000, 50.000000,
CH0020603475, 29.01.2026, 14:22, 430.000000, 1.000000,
CH0020603475, 29.01.2026, 15:19, 430.000000, 1.000000,
CH0020603475, 02.02.2026, 08:42, 411.000000, 50.000000,
CH0020603475, 02.02.2026, 11:38, 420.000000, 2.000000,
CH0020603475, 02.02.2026, 08:33, 420.000000, 60.000000,
CH0020603475, 02.02.2026, 15:17, 411.000000, 10.000000,
CH0020603475, 04.10.2021, 14:17, 319.000000, 15.000000,
CH0020603475, 07.10.2021, 16:04, 319.000000, 20.000000,
CH0020603475, 11.10.2021, 09:44, 319.000000, 15.000000,
CH0020603475, 12.10.2021, 12:59, 321.000000, 15.000000,
CH0020603475, 06.02.2026, 09:52, 405.000000, 1.000000,
CH0020603475, 06.02.2026, 10:01, 405.000000, 20.000000,
CH0020603475, 06.02.2026, 16:02, 411.000000, 5.000000,
CH0020603475, 14.10.2021, 16:30, 321.000000, 40.000000,
CH0020603475, 15.10.2021, 08:30, 321.000000, 20.000000,
CH0020603475, 15.10.2021, 11:36, 321.000000, 105.000000,
CH0020603475, 19.10.2021, 10:14, 326.000000, 62.000000,
CH0020603475, 20.10.2021, 09:35, 329.500000, 10.000000,
CH0020603475, 10.02.2026, 08:30, 405.000000, 2.000000,
CH0020603475, 10.02.2026, 08:30, 405.000000, 7.000000,
CH0020603475, 10.02.2026, 09:45, 400.000000, 12.000000,
CH0020603475, 10.02.2026, 08:30, 400.000000, 8.000000,
CH0020603475, 10.02.2026, 09:45, 400.000000, 13.000000,
CH0020603475, 28.10.2021, 10:17, 306.500000, 15.000000,
CH0020603475, 28.10.2021, 10:59, 306.500000, 5.000000,
CH0020603475, 02.11.2021, 11:25, 329.500000, 3.000000,
CH0020603475, 04.11.2021, 11:44, 305.000000, 100.000000,
CH0020603475, 05.11.2021, 14:56, 306.000000, 16.000000,
CH0020603475, 04.11.2021, 11:44, 305.000000, 100.000000,
CH0020603475, 10.11.2021, 10:16, 312.000000, 40.000000,
CH0020603475, 10.11.2021, 13:59, 315.000000, 100.000000,
CH0020603475, 11.11.2021, 09:33, 315.000000, 50.000000,
CH0020603475, 11.11.2021, 11:19, 315.000000, 15.000000,
CH0020603475, 11.11.2021, 11:52, 315.000000, 10.000000,
CH0020603475, 12.11.2021, 15:09, 315.000000, 30.000000,
CH0020603475, 12.11.2021, 16:01, 315.000000, 15.000000,
CH0020603475, 15.11.2021, 10:52, 312.000000, 100.000000,
CH0020603475, 15.11.2021, 10:52, 310.000000, 2.000000,
CH0020603475, 15.11.2021, 12:33, 310.000000, 1896.000000,
CH0020603475, 15.11.2021, 15:05, 315.000000, 100.000000,
CH0020603475, 15.11.2021, 15:20, 315.000000, 10.000000,
CH0020603475, 15.11.2021, 15:34, 315.000000, 90.000000,
CH0020603475, 15.11.2021, 10:52, 311.000000, 38.000000,
CH0020603475, 15.11.2021, 10:52, 310.000000, 48.000000,
CH0020603475, 17.02.2026, 16:08, 400.000000, 12.000000,
CH0020603475, 17.02.2026, 16:08, 385.000000, 2.000000,
CH0020603475, 17.02.2026, 16:08, 375.000000, 2.000000,
CH0020603475, 17.02.2026, 16:08, 375.000000, 3.000000,
CH0020603475, 17.02.2026, 16:08, 370.000000, 6.000000,
CH0020603475, 29.11.2021, 13:26, 311.000000, 30.000000,
CH0020603475, 18.02.2026, 09:57, 405.000000, 6.000000,
CH0020603475, 18.02.2026, 16:26, 400.000000, 20.000000,
CH0020603475, 18.02.2026, 09:57, 410.000000, 4.000000,
CH0020603475, 08.12.2021, 11:56, 315.000000, 40.000000,
CH0020603475, 08.12.2021, 16:39, 320.000000, 100.000000,
CH0020603475, 09.12.2021, 09:09, 329.500000, 2.000000,
CH0020603475, 09.12.2021, 09:28, 339.000000, 2.000000,
CH0020603475, 09.12.2021, 09:32, 339.000000, 13.000000,
CH0020603475, 10.12.2021, 08:32, 340.000000, 9.000000,
CH0020603475, 10.12.2021, 08:32, 340.000000, 10.000000,
CH0020603475, 10.12.2021, 09:52, 340.000000, 17.000000,
CH0020603475, 10.12.2021, 11:15, 345.000000, 10.000000,
CH0020603475, 10.12.2021, 14:19, 340.000000, 20.000000,
CH0020603475, 23.02.2026, 16:47, 400.000000, 6.000000,
CH0020603475, 16.12.2021, 09:52, 335.000000, 10.000000,
CH0020603475, 16.12.2021, 14:36, 334.000000, 100.000000,
CH0020603475, 17.12.2021, 10:40, 334.000000, 25.000000,
CH0020603475, 16.12.2021, 09:52, 335.000000, 10.000000,
CH0020603475, 20.12.2021, 16:53, 334.000000, 10.000000,
CH0020603475, 21.12.2021, 09:22, 330.000000, 60.000000,
CH0020603475, 25.02.2026, 08:30, 390.000000, 10.000000,
CH0020603475, 23.12.2021, 10:05, 330.000000, 24.000000,
CH0020603475, 23.12.2021, 10:05, 326.000000, 11.000000,
CH0020603475, 27.12.2021, 15:38, 334.000000, 5.000000,
CH0020603475, 27.12.2021, 09:41, 327.000000, 5.000000,
CH0020603475, 03.01.2022, 11:22, 340.000000, 4.000000,
CH0020603475, 04.01.2022, 15:13, 327.000000, 10.000000,
CH0020603475, 04.01.2022, 15:57, 325.000000, 10.000000,
CH0020603475, 04.01.2022, 16:03, 325.000000, 40.000000,
CH0020603475, 04.01.2022, 15:13, 325.000000, 15.000000,
CH0020603475, 10.01.2022, 08:36, 335.000000, 40.000000,
CH0020603475, 27.02.2026, 14:26, 390.000000, 18.000000,
CH0020603475, 13.01.2022, 08:55, 335.000000, 10.000000,
CH0020603475, 13.01.2022, 08:55, 335.000000, 10.000000,
CH0020603475, 18.01.2022, 08:54, 326.000000, 50.000000,
CH0020603475, 18.01.2022, 08:33, 335.000000, 6.000000,
CH0020603475, 18.01.2022, 08:54, 325.000000, 1.000000,
CH0020603475, 02.03.2026, 13:10, 410.000000, 10.000000,
CH0020603475, 18.01.2022, 08:54, 325.000000, 49.000000,
CH0020603475, 21.01.2022, 10:59, 335.000000, 35.000000,
CH0020603475, 24.01.2022, 08:30, 325.000000, 1.000000,
CH0020603475, 24.01.2022, 08:30, 320.000000, 1.000000,
CH0020603475, 26.01.2022, 16:55, 340.000000, 19.000000,
CH0020603475, 27.01.2022, 08:55, 340.000000, 16.000000,
CH0020603475, 28.01.2022, 10:49, 330.000000, 60.000000,
CH0020603475, 28.01.2022, 14:54, 326.000000, 20.000000,
CH0020603475, 01.02.2022, 08:38, 330.000000, 6.000000,
CH0020603475, 01.02.2022, 08:40, 325.000000, 14.000000,
CH0020603475, 01.02.2022, 15:17, 320.000000, 89.000000,
CH0020603475, 07.02.2022, 15:46, 313.000000, 30.000000,
CH0020603475, 09.02.2022, 09:28, 320.000000, 3.000000,
CH0020603475, 09.02.2022, 13:42, 313.000000, 35.000000,
CH0020603475, 09.02.2022, 16:58, 313.000000, 300.000000,
CH0020603475, 14.02.2022, 09:49, 311.000000, 30.000000,
CH0020603475, 14.02.2022, 15:45, 313.000000, 75.000000,
CH0020603475, 12.03.2026, 09:32, 380.000000, 30.000000,
CH0020603475, 12.03.2026, 10:43, 380.000000, 2.000000,
CH0020603475, 12.03.2026, 10:52, 370.000000, 18.000000,
CH0020603475, 12.03.2026, 14:40, 390.000000, 13.000000,
CH0020603475, 18.02.2022, 08:33, 310.500000, 5.000000,
CH0020603475, 18.02.2022, 15:18, 314.000000, 65.000000,
CH0020603475, 18.02.2022, 15:18, 313.000000, 127.000000,
CH0020603475, 12.03.2026, 10:43, 370.000000, 40.000000,
CH0020603475, 21.02.2022, 13:44, 315.000000, 40.000000,
CH0020603475, 12.03.2026, 10:43, 370.000000, 20.000000,
CH0020603475, 24.02.2022, 11:27, 311.000000, 5.000000,
CH0020603475, 25.02.2022, 10:09, 318.000000, 10.000000,
CH0020603475, 02.03.2022, 08:30, 315.000000, 145.000000,
CH0020603475, 18.03.2026, 14:54, 365.000000, 15.000000,
CH0020603475, 20.03.2026, 14:30, 366.000000, 25.000000,
CH0020603475, 20.03.2026, 15:18, 345.000000, 30.000000,
CH0020603475, 20.03.2026, 15:24, 345.000000, 113.000000,
CH0020603475, 20.03.2026, 15:44, 345.000000, 10.000000,
CH0020603475, 09.03.2022, 15:03, 311.000000, 15.000000,
CH0020603475, 09.03.2022, 15:03, 311.000000, 50.000000,
CH0020603475, 20.03.2026, 14:30, 365.000000, 30.000000,
CH0020603475, 09.03.2022, 15:03, 310.500000, 10.000000,
CH0020603475, 09.03.2022, 15:03, 310.000000, 175.000000,
CH0020603475, 20.03.2026, 14:30, 351.000000, 20.000000,
CH0020603475, 23.03.2026, 09:47, 345.000000, 10.000000,
CH0020603475, 17.03.2022, 11:03, 318.000000, 20.000000,
CH0020603475, 17.03.2022, 11:03, 318.000000, 20.000000,
CH0020603475, 24.03.2026, 09:56, 375.000000, 5.000000,
CH0020603475, 25.03.2022, 09:35, 329.500000, 15.000000,
CH0020603475, 28.03.2022, 09:19, 330.000000, 30.000000,
CH0020603475, 25.03.2026, 14:24, 375.000000, 10.000000,
CH0020603475, 29.03.2022, 10:24, 330.000000, 20.000000,
CH0020603475, 31.03.2022, 12:29, 325.000000, 100.000000,
CH0020603475, 01.04.2022, 11:47, 325.000000, 74.000000,
CH0020603475, 26.03.2026, 12:35, 374.000000, 2.000000,
CH0020603475, 27.03.2026, 14:12, 346.000000, 25.000000,
CH0020603475, 27.03.2026, 14:55, 346.000000, 6.000000,
CH0020603475, 27.03.2026, 15:31, 346.000000, 25.000000,
CH0020603475, 27.03.2026, 15:40, 346.000000, 30.000000,
CH0020603475, 27.03.2026, 15:46, 346.000000, 14.000000,
CH0020603475, 05.04.2022, 15:28, 330.000000, 10.000000,
CH0020603475, 30.03.2026, 08:31, 369.000000, 20.000000,
CH0020603475, 11.04.2022, 11:00, 325.000000, 35.000000,
CH0020603475, 01.04.2026, 12:43, 364.000000, 5.000000,
CH0020603475, 19.04.2022, 10:36, 330.000000, 30.000000,
CH0020603475, 01.04.2026, 15:23, 364.000000, 10.000000,
CH0020603475, 22.04.2022, 14:38, 325.000000, 100.000000,
CH0020603475, 22.04.2022, 14:39, 325.000000, 100.000000,
CH0020603475, 22.04.2022, 14:53, 325.000000, 400.000000,
CH0020603475, 07.04.2026, 11:42, 364.000000, 13.000000,
CH0020603475, 07.04.2026, 11:42, 365.000000, 1.000000,
CH0020603475, 27.04.2022, 15:51, 335.000000, 30.000000,
CH0020603475, 08.04.2026, 08:31, 365.000000, 22.000000,
CH0020603475, 08.04.2026, 14:00, 367.000000, 22.000000,
CH0020603475, 02.05.2022, 15:45, 339.000000, 40.000000,
CH0020603475, 04.05.2022, 08:32, 325.000000, 24.000000,
CH0020603475, 03.05.2022, 08:39, 325.000000, 200.000000,
CH0020603475, 08.04.2026, 08:31, 369.000000, 8.000000,
CH0020603475, 08.04.2026, 14:00, 355.000000, 8.000000,
CH0020603475, 12.05.2022, 13:35, 330.000000, 2.000000,
CH0020603475, 12.05.2022, 13:35, 325.000000, 5.000000,
CH0020603475, 16.05.2022, 14:44, 325.000000, 70.000000,
CH0020603475, 17.05.2022, 11:46, 325.000000, 35.000000,
CH0020603475, 20.05.2022, 08:31, 339.000000, 7.000000,
CH0020603475, 20.05.2022, 08:31, 343.000000, 8.000000,
CH0020603475, 13.04.2026, 13:42, 369.000000, 20.000000,
CH0020603475, 24.05.2022, 13:41, 325.000000, 100.000000,
CH0020603475, 14.04.2026, 10:02, 360.000000, 10.000000,
CH0020603475, 14.04.2026, 10:20, 369.000000, 30.000000,
CH0020603475, 14.04.2026, 10:54, 369.000000, 55.000000,
CH0020603475, 09.06.2022, 09:03, 325.000000, 50.000000,
CH0020603475, 09.06.2022, 15:05, 320.000000, 65.000000,
CH0020603475, 09.06.2022, 15:07, 320.000000, 35.000000,
CH0020603475, 16.04.2026, 10:58, 360.000000, 10.000000,
CH0020603475, 10.06.2022, 16:47, 320.000000, 120.000000,
CH0020603475, 13.06.2022, 14:32, 320.000000, 100.000000,
CH0020603475, 13.06.2022, 14:32, 320.000000, 100.000000,
CH0020603475, 16.04.2026, 10:58, 351.000000, 29.000000,
CH0020603475, 17.04.2026, 09:08, 360.000000, 35.000000,
CH0020603475, 17.06.2022, 14:58, 316.000000, 10.000000,
CH0020603475, 20.04.2026, 08:58, 360.000000, 65.000000,
CH0020603475, 20.06.2022, 10:52, 320.000000, 11.000000,
CH0020603475, 20.06.2022, 15:55, 320.000000, 100.000000,
CH0020603475, 20.06.2022, 15:58, 320.000000, 100.000000,
CH0020603475, 20.04.2026, 09:29, 360.000000, 35.000000,
CH0020603475, 20.04.2026, 10:28, 369.000000, 10.000000,
CH0020603475, 27.06.2022, 13:51, 320.000000, 100.000000,
CH0020603475, 21.04.2026, 10:48, 360.000000, 30.000000,
CH0020603475, 22.04.2026, 08:44, 360.000000, 30.000000,
CH0020603475, 22.04.2026, 09:21, 360.000000, 40.000000,
CH0020603475, 22.04.2026, 09:21, 369.000000, 66.000000,
CH0020603475, 30.06.2022, 10:39, 320.000000, 100.000000,
CH0020603475, 30.06.2022, 10:40, 320.000000, 100.000000,
CH0020603475, 30.06.2022, 14:49, 320.000000, 100.000000,
CH0020603475, 23.04.2026, 08:30, 353.000000, 22.000000,
CH0020603475, 08.07.2022, 11:25, 320.000000, 50.000000,
CH0020603475, 11.07.2022, 08:58, 349.000000, 80.000000,
CH0020603475, 23.04.2026, 14:40, 360.000000, 30.000000,
CH0020603475, 27.04.2026, 08:47, 351.000000, 21.000000,
CH0020603475, 27.04.2026, 08:47, 353.000000, 3.000000,
CH0020603475, 27.04.2026, 08:47, 345.000000, 11.000000,
CH0020603475, 27.04.2026, 13:51, 346.000000, 1.000000,
CH0020603475, 18.07.2022, 16:48, 321.000000, 10.000000,
CH0020603475, 30.04.2026, 08:30, 360.000000, 70.000000,
CH0020603475, 30.04.2026, 08:30, 367.000000, 25.000000,
CH0020603475, 30.04.2026, 08:30, 369.000000, 5.000000,
CH0020603475, 30.04.2026, 11:29, 360.000000, 30.000000,
CH0020603475, 03.08.2022, 11:13, 343.000000, 150.000000,
CH0020603475, 05.08.2022, 14:12, 333.000000, 10.000000,
CH0020603475, 08.08.2022, 08:54, 343.000000, 30.000000,
CH0020603475, 15.08.2022, 11:13, 337.000000, 20.000000,
CH0020603475, 19.08.2022, 08:35, 334.000000, 30.000000,
CH0020603475, 19.08.2022, 09:22, 334.000000, 12.000000,
CH0020603475, 23.08.2022, 08:31, 334.000000, 28.000000,
CH0020603475, 23.08.2022, 14:08, 330.000000, 5.000000,
CH0020603475, 23.08.2022, 08:31, 335.000000, 37.000000,
CH0020603475, 25.08.2022, 08:30, 335.000000, 3.000000,
CH0020603475, 25.08.2022, 08:31, 335.000000, 23.000000,
CH0020603475, 07.05.2026, 12:00, 360.000000, 30.000000,
CH0020603475, 25.08.2022, 08:31, 337.000000, 7.000000,
CH0020603475, 29.08.2022, 11:10, 330.000000, 5.000000,
CH0020603475, 29.08.2022, 11:10, 330.000000, 15.000000,
CH0020603475, 30.08.2022, 09:34, 325.000000, 123.000000,
CH0020603475, 30.08.2022, 10:37, 325.000000, 100.000000,
CH0020603475, 30.08.2022, 11:06, 325.000000, 200.000000,
CH0020603475, 30.08.2022, 16:37, 325.000000, 377.000000,
CH0020603475, 08.05.2026, 14:17, 360.000000, 40.000000,
CH0020603475, 08.05.2026, 14:17, 375.000000, 4.000000,
CH0020603475, 08.05.2026, 15:07, 384.000000, 20.000000,
CH0020603475, 01.09.2022, 10:42, 325.000000, 46.000000,
CH0020603475, 08.05.2026, 14:17, 360.000000, 106.000000,
CH0020603475, 08.05.2026, 15:07, 385.000000, 10.000000,
CH0020603475, 05.09.2022, 08:32, 325.000000, 15.000000,
CH0020603475, 12.09.2022, 09:46, 325.000000, 7.000000,
CH0020603475, 14.09.2022, 14:08, 320.000000, 100.000000,
CH0020603475, 14.09.2022, 14:08, 316.000000, 15.000000,
CH0020603475, 15.09.2022, 09:12, 320.000000, 100.000000,
CH0020603475, 15.09.2022, 09:57, 320.000000, 100.000000,
CH0020603475, 15.09.2022, 09:57, 316.000000, 5.000000,
CH0020603475, 15.09.2022, 10:02, 315.000000, 145.000000,
CH0020603475, 15.09.2022, 12:11, 315.000000, 100.000000,
CH0020603475, 21.09.2022, 09:57, 320.000000, 30.000000,
CH0020603475, 21.09.2022, 10:28, 320.000000, 70.000000,
CH0020603475, 23.09.2022, 09:30, 321.000000, 10.000000,
CH0020603475, 23.09.2022, 10:36, 322.000000, 60.000000,
CH0020603475, 26.09.2022, 16:25, 323.000000, 114.000000,
CH0020603475, 27.09.2022, 08:55, 325.000000, 25.000000,
CH0020603475, 28.09.2022, 09:21, 327.000000, 12.000000,
CH0020603475, 28.09.2022, 14:39, 329.000000, 112.000000,
CH0020603475, 29.09.2022, 08:43, 329.000000, 56.000000,
CH0020603475, 29.09.2022, 08:43, 330.000000, 99.000000,
CH0020603475, 27.09.2022, 08:55, 327.000000, 75.000000,
CH0020603475, 28.09.2022, 09:21, 329.000000, 88.000000,
CH0020603475, 29.09.2022, 08:43, 329.000000, 40.000000,
CH0020603475, 29.09.2022, 08:43, 330.000000, 5.000000,
CH0020603475, 29.09.2022, 16:42, 320.000000, 18.000000,
CH0020603475, 30.09.2022, 10:47, 328.000000, 50.000000,
CH0020603475, 03.10.2022, 09:43, 330.000000, 64.000000,
CH0020603475, 30.09.2022, 10:47, 330.000000, 64.000000,
CH0020603475, 03.10.2022, 09:43, 330.000000, 36.000000,
CH0020603475, 05.10.2022, 10:17, 325.000000, 100.000000,
CH0020603475, 06.10.2022, 09:16, 325.000000, 10.000000,
CH0020603475, 06.10.2022, 13:30, 330.000000, 54.000000,
CH0020603475, 06.10.2022, 13:33, 332.000000, 20.000000,
CH0020603475, 06.10.2022, 16:07, 332.000000, 30.000000,
CH0020603475, 07.10.2022, 14:55, 325.000000, 133.000000,
CH0020603475, 07.10.2022, 14:55, 325.000000, 47.000000,
CH0020603475, 07.10.2022, 16:49, 328.000000, 50.000000,
CH0020603475, 10.10.2022, 08:57, 328.000000, 10.000000,
CH0020603475, 10.10.2022, 09:03, 328.000000, 43.000000,
CH0020603475, 10.10.2022, 11:21, 328.000000, 10.000000,
CH0020603475, 06.10.2022, 16:07, 334.000000, 100.000000,
CH0020603475, 10.10.2022, 08:57, 328.000000, 50.000000,
CH0020603475, 06.10.2022, 16:07, 335.000000, 15.000000,
CH0020603475, 24.10.2022, 13:02, 320.000000, 40.000000,
CH0020603475, 11.11.2022, 10:21, 329.000000, 37.000000,
CH0020603475, 21.11.2022, 09:32, 329.000000, 2.000000,
CH0020603475, 25.11.2022, 15:11, 320.000000, 1.000000,
CH0020603475, 02.12.2022, 09:31, 320.000000, 14.000000,
CH0020603475, 02.12.2022, 09:31, 319.000000, 7.000000,
CH0020603475, 02.12.2022, 09:41, 310.000000, 20.000000,
CH0020603475, 02.12.2022, 09:31, 310.500000, 12.000000,
CH0020603475, 02.12.2022, 09:41, 305.000000, 13.000000,
CH0020603475, 05.12.2022, 15:53, 320.000000, 100.000000,
CH0020603475, 05.12.2022, 16:00, 320.000000, 413.000000,
CH0020603475, 06.12.2022, 09:44, 328.500000, 12.000000,
CH0020603475, 05.12.2022, 15:53, 320.000000, 87.000000,
CH0020603475, 08.12.2022, 15:23, 320.000000, 100.000000,
CH0020603475, 08.12.2022, 15:32, 320.000000, 240.000000,
CH0020603475, 08.12.2022, 15:23, 320.000000, 100.000000,
CH0020603475, 12.12.2022, 08:30, 320.000000, 1.000000,
CH0020603475, 12.12.2022, 10:37, 320.000000, 22.000000,
CH0020603475, 09.12.2022, 08:30, 327.500000, 31.000000,
CH0020603475, 15.12.2022, 08:33, 321.000000, 10.000000,
CH0020603475, 15.12.2022, 12:51, 320.000000, 100.000000,
CH0020603475, 15.12.2022, 12:52, 320.000000, 100.000000,
CH0020603475, 15.12.2022, 13:18, 320.000000, 222.000000,
CH0020603475, 15.12.2022, 08:33, 320.000000, 65.000000,
CH0020603475, 16.12.2022, 13:38, 320.000000, 100.000000,
CH0020603475, 16.12.2022, 13:53, 320.000000, 125.000000,
CH0020603475, 16.12.2022, 13:38, 320.000000, 100.000000,
CH0020603475, 23.12.2022, 11:19, 320.000000, 30.000000,
CH0020603475, 29.12.2022, 10:31, 322.000000, 65.000000,
CH0020603475, 04.01.2023, 13:48, 328.000000, 20.000000,
CH0020603475, 06.01.2023, 10:02, 330.000000, 20.000000,
CH0020603475, 10.01.2023, 15:47, 330.000000, 70.000000,
CH0020603475, 11.01.2023, 12:36, 330.000000, 100.000000,
CH0020603475, 12.01.2023, 10:02, 323.000000, 20.000000,
CH0020603475, 18.01.2023, 15:41, 323.000000, 75.000000,
CH0020603475, 19.01.2023, 14:03, 330.000000, 4.000000,
CH0020603475, 18.01.2023, 15:41, 320.000000, 100.000000,
CH0020603475, 18.01.2023, 15:41, 320.000000, 20.000000,
CH0020603475, 20.01.2023, 08:30, 320.000000, 50.000000,
CH0020603475, 23.01.2023, 14:00, 320.000000, 90.000000,
CH0020603475, 18.01.2023, 15:41, 320.000000, 25.000000,
CH0020603475, 26.01.2023, 08:44, 320.000000, 61.000000,
CH0020603475, 27.01.2023, 10:32, 330.000000, 56.000000,
CH0020603475, 30.01.2023, 09:44, 330.000000, 44.000000,
CH0020603475, 31.01.2023, 11:55, 330.000000, 30.000000,
CH0020603475, 06.02.2023, 11:27, 330.000000, 1.000000,
CH0020603475, 07.02.2023, 11:48, 320.000000, 60.000000,
CH0020603475, 09.02.2023, 14:09, 345.000000, 22.000000,
CH0020603475, 09.02.2023, 10:11, 345.000000, 12.000000,
CH0020603475, 01.03.2023, 10:00, 325.000000, 25.000000,
CH0020603475, 07.03.2023, 14:25, 320.000000, 50.000000,
CH0020603475, 22.03.2023, 08:31, 325.000000, 50.000000,
CH0020603475, 23.03.2023, 14:37, 324.500000, 20.000000,
CH0020603475, 24.03.2023, 11:12, 324.500000, 10.000000,
CH0020603475, 11.04.2023, 10:35, 324.500000, 1.000000,
CH0020603475, 12.04.2023, 09:36, 324.500000, 6.000000,
CH0020603475, 13.04.2023, 10:05, 320.000000, 20.000000,
CH0020603475, 12.04.2023, 09:36, 325.000000, 94.000000,
CH0020603475, 14.04.2023, 12:01, 325.000000, 30.000000,
CH0020603475, 27.04.2023, 09:18, 320.000000, 25.000000,
CH0020603475, 03.05.2023, 13:01, 320.000000, 15.000000,
CH0020603475, 08.05.2023, 11:28, 320.000000, 2.000000,
CH0020603475, 08.05.2023, 14:06, 320.000000, 33.000000,
CH0020603475, 08.05.2023, 14:06, 320.000000, 14.000000,
CH0020603475, 15.05.2023, 12:53, 321.000000, 75.000000,
CH0020603475, 15.05.2023, 12:53, 320.000000, 100.000000,
CH0020603475, 15.05.2023, 12:53, 320.000000, 65.000000,
CH0020603475, 17.05.2023, 14:19, 320.000000, 50.000000,
CH0020603475, 22.05.2023, 08:35, 320.000000, 10.000000,
CH0020603475, 24.05.2023, 08:31, 325.000000, 50.000000,
CH0020603475, 24.05.2023, 10:35, 325.000000, 20.000000,
CH0020603475, 05.06.2023, 09:31, 321.000000, 2.000000,
CH0020603475, 05.06.2023, 09:31, 320.000000, 4.000000,
CH0020603475, 05.06.2023, 11:13, 320.000000, 66.000000,
CH0020603475, 09.06.2023, 08:31, 330.000000, 5.000000,
CH0020603475, 12.06.2023, 08:34, 330.000000, 15.000000,
CH0020603475, 12.06.2023, 09:57, 330.000000, 10.000000,
CH0020603475, 12.06.2023, 12:13, 370.000000, 15.000000,
CH0020603475, 13.06.2023, 11:40, 350.000000, 25.000000,
CH0020603475, 13.06.2023, 11:40, 350.000000, 97.000000,
CH0020603475, 13.06.2023, 12:07, 350.000000, 378.000000,
CH0020603475, 13.06.2023, 13:29, 350.000000, 22.000000,
CH0020603475, 13.06.2023, 13:57, 350.000000, 3.000000,
CH0020603475, 15.06.2023, 08:36, 369.000000, 10.000000,
CH0020603475, 13.06.2023, 13:29, 350.000000, 100.000000,
CH0020603475, 15.06.2023, 13:48, 350.000000, 150.000000,
CH0020603475, 29.06.2023, 11:59, 350.000000, 31.000000,
CH0020603475, 30.06.2023, 12:20, 350.000000, 10.000000,
CH0020603475, 03.07.2023, 10:06, 360.000000, 30.000000,
CH0020603475, 05.07.2023, 08:30, 350.000000, 30.000000,
CH0020603475, 11.07.2023, 10:02, 350.000000, 50.000000,
CH0020603475, 17.07.2023, 15:37, 355.000000, 4.000000,
CH0020603475, 17.07.2023, 15:37, 350.000000, 36.000000,
CH0020603475, 02.08.2023, 13:06, 355.000000, 5.000000,
CH0020603475, 04.08.2023, 08:30, 352.000000, 2.000000,
CH0020603475, 04.08.2023, 12:16, 351.000000, 10.000000,
CH0020603475, 02.08.2023, 13:06, 353.000000, 2.000000,
CH0020603475, 04.08.2023, 12:16, 350.000000, 100.000000,
CH0020603475, 04.08.2023, 12:17, 350.000000, 130.000000,
CH0020603475, 02.08.2023, 13:06, 352.000000, 35.000000,
CH0020603475, 07.08.2023, 16:17, 350.000000, 50.000000,
CH0020603475, 14.08.2023, 08:32, 350.000000, 50.000000,
CH0020603475, 14.08.2023, 09:01, 350.000000, 133.000000,
CH0020603475, 14.08.2023, 08:32, 350.000000, 70.000000,
CH0020603475, 24.08.2023, 16:36, 360.000000, 1.000000,
CH0020603475, 29.08.2023, 08:31, 350.000000, 49.000000,
CH0020603475, 31.08.2023, 14:06, 350.000000, 100.000000,
CH0020603475, 31.08.2023, 14:07, 350.000000, 100.000000,
CH0020603475, 31.08.2023, 14:17, 350.000000, 550.000000,
CH0020603475, 05.09.2023, 12:49, 350.000000, 30.000000,
CH0020603475, 08.09.2023, 09:02, 350.000000, 44.000000,
CH0020603475, 19.09.2023, 11:08, 370.000000, 5.000000,
CH0020603475, 21.09.2023, 08:30, 370.000000, 2.000000,
CH0020603475, 21.09.2023, 14:07, 350.000000, 9.000000,
CH0020603475, 21.09.2023, 14:07, 350.000000, 6.000000,
CH0020603475, 26.09.2023, 08:30, 350.000000, 50.000000,
CH0020603475, 26.09.2023, 13:58, 350.000000, 44.000000,
CH0020603475, 26.09.2023, 13:58, 350.000000, 2.000000,
CH0020603475, 26.09.2023, 13:58, 350.000000, 42.000000,
CH0020603475, 27.09.2023, 16:22, 350.000000, 58.000000,
CH0020603475, 27.09.2023, 16:27, 350.000000, 42.000000,
CH0020603475, 29.09.2023, 08:57, 360.000000, 5.000000,
CH0020603475, 29.09.2023, 08:57, 370.000000, 25.000000,
CH0020603475, 06.10.2023, 13:25, 350.000000, 100.000000,
CH0020603475, 06.10.2023, 13:25, 350.000000, 25.000000,
CH0020603475, 10.10.2023, 08:31, 350.000000, 50.000000,
CH0020603475, 13.10.2023, 10:49, 350.000000, 50.000000,
CH0020603475, 13.10.2023, 10:49, 350.000000, 100.000000,
CH0020603475, 16.10.2023, 11:51, 333.000000, 3.000000,
CH0020603475, 17.10.2023, 11:34, 325.000000, 3.000000,
CH0020603475, 16.10.2023, 11:51, 325.000000, 17.000000,
CH0020603475, 26.10.2023, 11:23, 350.000000, 30.000000,
CH0020603475, 26.10.2023, 11:23, 335.000000, 30.000000,
CH0020603475, 08.11.2023, 08:53, 365.000000, 1.000000,
CH0020603475, 10.11.2023, 11:54, 350.000000, 70.000000,
CH0020603475, 13.11.2023, 08:30, 350.000000, 30.000000,
CH0020603475, 13.11.2023, 09:18, 350.000000, 10.000000,
CH0020603475, 13.11.2023, 08:30, 350.000000, 10.000000,
CH0020603475, 27.11.2023, 16:11, 355.000000, 3.000000,
CH0020603475, 28.11.2023, 13:10, 350.000000, 5.000000,
CH0020603475, 29.11.2023, 13:44, 350.000000, 212.000000,
CH0020603475, 04.12.2023, 08:30, 359.000000, 22.000000,
CH0020603475, 04.12.2023, 08:35, 359.000000, 70.000000,
CH0020603475, 04.12.2023, 08:56, 359.000000, 33.000000,
CH0020603475, 04.12.2023, 09:27, 359.000000, 10.000000,
CH0020603475, 04.12.2023, 09:38, 359.000000, 45.000000,
CH0020603475, 04.12.2023, 09:42, 359.000000, 20.000000,
CH0020603475, 04.12.2023, 10:07, 359.000000, 15.000000,
CH0020603475, 04.12.2023, 11:03, 365.000000, 3.000000,
CH0020603475, 04.12.2023, 08:30, 359.000000, 25.000000,
CH0020603475, 04.12.2023, 09:26, 359.000000, 10.000000,
CH0020603475, 04.12.2023, 15:25, 395.000000, 20.000000,
CH0020603475, 05.12.2023, 08:31, 394.000000, 10.000000,
CH0020603475, 05.12.2023, 10:08, 390.000000, 30.000000,
CH0020603475, 05.12.2023, 13:00, 375.000000, 20.000000,
CH0020603475, 06.12.2023, 13:58, 390.000000, 20.000000,
CH0020603475, 06.12.2023, 14:23, 394.000000, 1.000000,
CH0020603475, 07.12.2023, 08:31, 395.000000, 1.000000,
CH0020603475, 07.12.2023, 08:53, 395.000000, 12.000000,
CH0020603475, 07.12.2023, 12:40, 385.000000, 20.000000,
CH0020603475, 07.12.2023, 12:43, 395.000000, 5.000000,
CH0020603475, 06.12.2023, 14:23, 395.000000, 24.000000,
CH0020603475, 07.12.2023, 16:50, 381.000000, 10.000000,
CH0020603475, 08.12.2023, 11:53, 394.000000, 20.000000,
CH0020603475, 11.12.2023, 10:55, 394.000000, 14.000000,
CH0020603475, 11.12.2023, 11:29, 394.000000, 6.000000,
CH0020603475, 11.12.2023, 11:29, 394.000000, 14.000000,
CH0020603475, 11.12.2023, 13:36, 392.000000, 10.000000,
CH0020603475, 12.12.2023, 14:32, 380.000000, 2.000000,
CH0020603475, 12.12.2023, 16:40, 390.000000, 20.000000,
CH0020603475, 15.12.2023, 10:45, 380.000000, 60.000000,
CH0020603475, 15.12.2023, 10:46, 380.000000, 48.000000,
CH0020603475, 18.12.2023, 09:34, 380.000000, 40.000000,
CH0020603475, 20.12.2023, 15:41, 370.000000, 30.000000,
CH0020603475, 20.12.2023, 16:20, 370.000000, 130.000000,
CH0020603475, 27.12.2023, 08:38, 371.000000, 10.000000,
CH0020603475, 27.12.2023, 11:55, 371.000000, 15.000000,
CH0020603475, 27.12.2023, 11:55, 370.000000, 5.000000,
CH0020603475, 04.01.2024, 10:03, 380.000000, 10.000000,
CH0020603475, 04.01.2024, 13:22, 380.000000, 10.000000,
CH0020603475, 04.01.2024, 16:25, 380.000000, 2.000000,
CH0020603475, 08.01.2024, 08:46, 380.000000, 280.000000,
CH0020603475, 08.01.2024, 09:24, 390.000000, 30.000000,
CH0020603475, 08.01.2024, 09:40, 405.000000, 10.000000,
CH0020603475, 08.01.2024, 09:42, 405.000000, 7.000000,
CH0020603475, 08.01.2024, 10:18, 405.000000, 13.000000,
CH0020603475, 08.01.2024, 11:04, 400.000000, 20.000000,
CH0020603475, 08.01.2024, 08:46, 380.000000, 30.000000,
CH0020603475, 08.01.2024, 08:46, 380.000000, 21.000000,
CH0020603475, 08.01.2024, 11:34, 400.000000, 80.000000,
CH0020603475, 08.01.2024, 11:36, 400.000000, 170.000000,
CH0020603475, 08.01.2024, 11:56, 400.000000, 125.000000,
CH0020603475, 08.01.2024, 13:29, 400.000000, 400.000000,
CH0020603475, 08.01.2024, 15:11, 400.000000, 3.000000,
CH0020603475, 08.01.2024, 15:45, 400.000000, 13.000000,
CH0020603475, 08.01.2024, 16:13, 400.000000, 10.000000,
CH0020603475, 09.01.2024, 08:30, 400.000000, 250.000000,
CH0020603475, 08.01.2024, 15:11, 400.000000, 14.000000,
CH0020603475, 10.01.2024, 09:07, 420.000000, 20.000000,
CH0020603475, 10.01.2024, 09:19, 395.000000, 100.000000,
CH0020603475, 11.01.2024, 10:49, 420.000000, 7.000000,
CH0020603475, 17.01.2024, 09:02, 390.000000, 5.000000,
CH0020603475, 19.01.2024, 15:31, 390.000000, 55.000000,
CH0020603475, 23.01.2024, 10:37, 390.000000, 50.000000,
CH0020603475, 24.01.2024, 16:56, 390.000000, 40.000000,
CH0020603475, 26.01.2024, 16:00, 405.000000, 10.000000,
CH0020603475, 29.01.2024, 08:32, 405.000000, 10.000000,
CH0020603475, 29.01.2024, 08:32, 390.000000, 18.000000,
CH0020603475, 30.01.2024, 09:49, 390.000000, 24.000000,
CH0020603475, 31.01.2024, 15:50, 370.000000, 50.000000,
CH0020603475, 31.01.2024, 16:42, 370.000000, 50.000000,
CH0020603475, 01.02.2024, 08:31, 409.500000, 30.000000,
CH0020603475, 02.02.2024, 08:30, 370.000000, 23.000000,
CH0020603475, 05.02.2024, 08:31, 370.000000, 30.000000,
CH0020603475, 05.02.2024, 16:28, 380.000000, 10.000000,
CH0020603475, 08.02.2024, 15:31, 380.000000, 20.000000,
CH0020603475, 09.02.2024, 09:50, 380.000000, 30.000000,
CH0020603475, 09.02.2024, 15:54, 380.000000, 4.000000,
CH0020603475, 26.02.2024, 08:35, 371.000000, 15.000000,
CH0020603475, 26.02.2024, 08:35, 370.000000, 15.000000,
CH0020603475, 07.03.2024, 13:44, 385.000000, 20.000000,
CH0020603475, 08.03.2024, 08:30, 385.000000, 45.000000,
CH0020603475, 08.03.2024, 09:18, 385.000000, 2.000000,
CH0020603475, 11.03.2024, 08:37, 385.000000, 3.000000,
CH0020603475, 11.03.2024, 08:37, 395.000000, 27.000000,
CH0020603475, 22.03.2024, 12:31, 385.000000, 1.000000,
CH0020603475, 25.03.2024, 08:32, 376.000000, 1.000000,
CH0020603475, 28.03.2024, 15:32, 385.000000, 5.000000,
CH0020603475, 09.04.2024, 14:05, 375.000000, 1.000000,
CH0020603475, 18.04.2024, 09:48, 384.000000, 10.000000,
CH0020603475, 18.04.2024, 09:48, 385.000000, 28.000000,
CH0020603475, 18.04.2024, 11:58, 385.000000, 1.000000,
CH0020603475, 19.04.2024, 16:05, 375.000000, 20.000000,
CH0020603475, 29.04.2024, 14:11, 385.000000, 25.000000,
CH0020603475, 07.05.2024, 08:31, 390.000000, 10.000000,
CH0020603475, 10.05.2024, 09:08, 380.000000, 3.000000,
CH0020603475, 10.05.2024, 12:16, 375.000000, 5.000000,
CH0020603475, 10.05.2024, 16:49, 375.000000, 37.000000,
CH0020603475, 15.05.2024, 08:58, 380.000000, 20.000000,
CH0020603475, 21.05.2024, 09:00, 375.000000, 20.000000,
CH0020603475, 24.05.2024, 10:31, 378.500000, 20.000000,
CH0020603475, 27.05.2024, 12:11, 378.500000, 1.000000,
CH0020603475, 27.05.2024, 13:09, 378.500000, 25.000000,
CH0020603475, 03.06.2024, 09:17, 380.000000, 20.000000,
CH0020603475, 03.06.2024, 11:20, 375.000000, 50.000000,
CH0020603475, 03.06.2024, 11:20, 375.000000, 100.000000,
CH0020603475, 03.06.2024, 11:20, 375.000000, 50.000000,
CH0020603475, 04.06.2024, 14:29, 380.000000, 20.000000,
CH0020603475, 10.06.2024, 09:13, 375.000000, 50.000000,
CH0020603475, 10.06.2024, 09:20, 375.000000, 150.000000,
CH0020603475, 10.06.2024, 15:27, 380.000000, 52.000000,
CH0020603475, 12.06.2024, 08:30, 380.000000, 8.000000,
CH0020603475, 26.06.2024, 10:49, 375.000000, 15.000000,
CH0020603475, 26.06.2024, 10:49, 375.000000, 100.000000,
CH0020603475, 26.06.2024, 10:49, 370.000000, 2.000000,
CH0020603475, 26.06.2024, 11:02, 370.000000, 741.000000,
CH0020603475, 26.06.2024, 10:49, 370.000000, 6.000000,
CH0020603475, 01.07.2024, 15:27, 375.000000, 100.000000,
CH0020603475, 01.07.2024, 15:27, 375.000000, 100.000000,
CH0020603475, 03.07.2024, 08:32, 375.000000, 60.000000,
CH0020603475, 08.07.2024, 12:17, 380.000000, 20.000000,
CH0020603475, 09.07.2024, 12:07, 380.000000, 5.000000,
CH0020603475, 09.07.2024, 12:07, 375.000000, 25.000000,
CH0020603475, 09.07.2024, 15:48, 375.000000, 10.000000,
CH0020603475, 22.07.2024, 08:58, 375.000000, 5.000000,
CH0020603475, 22.07.2024, 09:00, 375.000000, 100.000000,
CH0020603475, 22.07.2024, 11:02, 375.000000, 95.000000,
CH0020603475, 22.07.2024, 13:07, 375.000000, 5.000000,
CH0020603475, 22.07.2024, 13:07, 375.000000, 45.000000,
CH0020603475, 24.07.2024, 09:09, 375.000000, 55.000000,
CH0020603475, 25.07.2024, 08:37, 375.000000, 195.000000,
CH0020603475, 08.08.2024, 16:12, 375.000000, 100.000000,
CH0020603475, 08.08.2024, 16:12, 375.000000, 100.000000,
CH0020603475, 13.08.2024, 09:24, 395.000000, 5.000000,
CH0020603475, 13.08.2024, 12:07, 375.000000, 1.000000,
CH0020603475, 13.08.2024, 13:02, 372.500000, 17.000000,
CH0020603475, 13.08.2024, 12:07, 375.000000, 100.000000,
CH0020603475, 13.08.2024, 13:02, 375.000000, 1.000000,
CH0020603475, 15.08.2024, 09:31, 395.000000, 10.000000,
CH0020603475, 15.08.2024, 10:58, 395.000000, 20.000000,
CH0020603475, 15.08.2024, 15:18, 380.000000, 10.000000,
CH0020603475, 15.08.2024, 15:18, 375.000000, 100.000000,
CH0020603475, 20.08.2024, 08:51, 380.000000, 10.000000,
CH0020603475, 20.08.2024, 13:34, 380.000000, 10.000000,
CH0020603475, 20.08.2024, 13:34, 380.000000, 50.000000,
CH0020603475, 23.08.2024, 11:09, 375.000000, 100.000000,
CH0020603475, 23.08.2024, 11:52, 372.500000, 25.000000,
CH0020603475, 26.08.2024, 08:32, 375.000000, 100.000000,
CH0020603475, 29.08.2024, 08:30, 380.000000, 150.000000,
CH0020603475, 29.08.2024, 08:30, 375.000000, 100.000000,
CH0020603475, 29.08.2024, 08:30, 372.500000, 20.000000,
CH0020603475, 09.09.2024, 08:30, 399.000000, 10.000000,
CH0020603475, 09.09.2024, 09:35, 390.000000, 1.000000,
CH0020603475, 09.09.2024, 11:27, 375.000000, 12.000000,
CH0020603475, 09.09.2024, 13:22, 375.000000, 88.000000,
CH0020603475, 13.09.2024, 11:10, 375.000000, 100.000000,
CH0020603475, 13.09.2024, 11:27, 375.000000, 10.000000,
CH0020603475, 16.09.2024, 13:33, 380.000000, 50.000000,
CH0020603475, 16.09.2024, 13:53, 375.000000, 1560.000000,
CH0020603475, 16.09.2024, 13:33, 375.000000, 90.000000,
CH0020603475, 18.09.2024, 12:35, 385.000000, 10.000000,
CH0020603475, 18.09.2024, 13:01, 375.000000, 40.000000,
CH0020603475, 19.09.2024, 14:28, 400.000000, 100.000000,
CH0020603475, 16.09.2024, 13:30, 384.000000, 6.000000,
CH0020603475, 23.09.2024, 15:09, 385.000000, 145.000000,
CH0020603475, 24.09.2024, 09:54, 375.000000, 10.000000,
CH0020603475, 24.09.2024, 09:54, 375.000000, 400.000000,
CH0020603475, 24.09.2024, 09:59, 375.000000, 90.000000,
CH0020603475, 24.09.2024, 15:12, 375.000000, 110.000000,
CH0020603475, 25.09.2024, 09:15, 375.000000, 250.000000,
CH0020603475, 25.09.2024, 10:19, 375.000000, 174.000000,
CH0020603475, 24.09.2024, 15:12, 372.500000, 25.000000,
CH0020603475, 24.09.2024, 15:12, 370.000000, 100.000000,
CH0020603475, 24.09.2024, 15:24, 370.000000, 155.000000,
CH0020603475, 24.09.2024, 15:12, 370.000000, 10.000000,
CH0020603475, 26.09.2024, 16:21, 375.000000, 32.000000,
CH0020603475, 01.10.2024, 10:42, 400.000000, 3.000000,
CH0020603475, 03.10.2024, 15:20, 400.000000, 1.000000,
CH0020603475, 15.10.2024, 16:13, 376.000000, 1.000000,
CH0020603475, 21.10.2024, 08:30, 375.000000, 2.000000,
CH0020603475, 21.10.2024, 08:45, 375.000000, 1.000000,
CH0020603475, 21.10.2024, 08:45, 400.000000, 4.000000,
CH0020603475, 22.10.2024, 15:29, 380.000000, 26.000000,
CH0020603475, 25.10.2024, 10:43, 400.000000, 10.000000,
CH0020603475, 12.11.2024, 08:30, 400.000000, 20.000000,
CH0020603475, 12.11.2024, 08:30, 400.000000, 5.000000,
CH0020603475, 14.11.2024, 11:33, 375.000000, 4.000000,
CH0020603475, 18.11.2024, 11:11, 399.000000, 1.000000,
CH0020603475, 18.11.2024, 11:11, 400.000000, 20.000000,
CH0020603475, 18.11.2024, 11:11, 400.000000, 28.000000,
CH0020603475, 18.11.2024, 11:11, 400.000000, 5.000000,
CH0020603475, 19.11.2024, 14:24, 400.000000, 15.000000,
CH0020603475, 27.11.2024, 14:45, 375.000000, 29.000000,
CH0020603475, 29.11.2024, 11:44, 375.000000, 42.000000,
CH0020603475, 02.12.2024, 12:05, 390.000000, 20.000000,
CH0020603475, 29.11.2024, 11:44, 375.000000, 8.000000,
CH0020603475, 02.12.2024, 16:26, 390.000000, 18.000000,
CH0020603475, 03.12.2024, 11:36, 376.000000, 6.000000,
CH0020603475, 03.12.2024, 14:23, 375.000000, 35.000000,
CH0020603475, 03.12.2024, 11:36, 375.000000, 4.000000,
CH0020603475, 04.12.2024, 08:31, 385.000000, 10.000000,
CH0020603475, 04.12.2024, 08:31, 400.000000, 10.000000,
CH0020603475, 04.12.2024, 10:23, 376.000000, 2.000000,
CH0020603475, 04.12.2024, 11:56, 400.000000, 25.000000,
CH0020603475, 04.12.2024, 08:31, 395.000000, 10.000000,
CH0020603475, 05.12.2024, 16:37, 376.000000, 38.000000,
CH0020603475, 05.12.2024, 16:37, 375.000000, 62.000000,
CH0020603475, 06.12.2024, 15:45, 375.000000, 5.000000,
CH0020603475, 09.12.2024, 09:38, 375.000000, 5.000000,
CH0020603475, 10.12.2024, 10:28, 375.000000, 90.000000,
CH0020603475, 11.12.2024, 09:43, 395.000000, 20.000000,
CH0020603475, 12.12.2024, 15:04, 385.000000, 50.000000,
CH0020603475, 13.12.2024, 14:21, 375.000000, 27.000000,
CH0020603475, 17.12.2024, 10:57, 380.000000, 10.000000,
CH0020603475, 17.12.2024, 14:28, 390.000000, 10.000000,
CH0020603475, 17.12.2024, 14:28, 395.000000, 5.000000,
CH0020603475, 17.12.2024, 14:28, 395.000000, 35.000000,
CH0020603475, 19.12.2024, 08:31, 395.000000, 10.000000,
CH0020603475, 07.01.2025, 10:38, 380.000000, 50.000000,
CH0020603475, 08.01.2025, 09:43, 375.000000, 2.000000,
CH0020603475, 08.01.2025, 09:43, 375.000000, 100.000000,
CH0020603475, 08.01.2025, 09:44, 375.000000, 48.000000,
CH0020603475, 07.01.2025, 10:38, 375.000000, 70.000000,
CH0020603475, 08.01.2025, 11:08, 380.000000, 10.000000,
CH0020603475, 09.01.2025, 09:15, 375.000000, 100.000000,
CH0020603475, 09.01.2025, 10:39, 375.000000, 43.000000,
CH0020603475, 09.01.2025, 15:04, 375.000000, 40.000000,
CH0020603475, 09.01.2025, 09:15, 375.000000, 7.000000,
CH0020603475, 10.01.2025, 08:31, 390.000000, 2.000000,
CH0020603475, 13.01.2025, 16:59, 380.000000, 2.000000,
CH0020603475, 13.01.2025, 16:59, 380.000000, 23.000000,
CH0020603475, 20.01.2025, 12:33, 380.000000, 2.000000,
CH0020603475, 20.01.2025, 12:33, 375.000000, 50.000000,
CH0020603475, 20.01.2025, 12:33, 370.000000, 36.000000,
CH0020603475, 20.01.2025, 12:33, 375.000000, 15.000000,
CH0020603475, 20.01.2025, 12:33, 375.000000, 17.000000,
CH0020603475, 21.01.2025, 12:14, 375.000000, 80.000000,
CH0020603475, 21.01.2025, 14:58, 375.000000, 70.000000,
CH0020603475, 22.01.2025, 16:02, 375.000000, 15.000000,
CH0020603475, 22.01.2025, 16:47, 375.000000, 35.000000,
CH0020603475, 23.01.2025, 08:45, 375.000000, 50.000000,
CH0020603475, 24.01.2025, 14:34, 376.000000, 30.000000,
CH0020603475, 24.01.2025, 14:34, 375.000000, 13.000000,
CH0020603475, 24.01.2025, 14:34, 375.000000, 57.000000,
CH0020603475, 27.01.2025, 16:22, 390.000000, 12.000000,
CH0020603475, 30.01.2025, 08:30, 375.000000, 6.000000,
CH0020603475, 30.01.2025, 08:30, 375.000000, 14.000000,
CH0020603475, 06.02.2025, 10:55, 376.000000, 3.000000,
CH0020603475, 06.02.2025, 15:12, 376.000000, 7.000000,
CH0020603475, 07.02.2025, 08:30, 380.000000, 3.000000,
CH0020603475, 06.02.2025, 15:12, 375.000000, 6.000000,
CH0020603475, 07.02.2025, 08:30, 385.000000, 22.000000,
CH0020603475, 06.02.2025, 15:12, 375.000000, 7.000000,
CH0020603475, 11.02.2025, 09:58, 378.000000, 20.000000,
CH0020603475, 11.02.2025, 09:58, 375.000000, 30.000000,
CH0020603475, 11.02.2025, 11:25, 375.000000, 20.000000,
CH0020603475, 14.02.2025, 08:31, 385.000000, 4.000000,
CH0020603475, 14.02.2025, 08:31, 385.000000, 26.000000,
CH0020603475, 14.02.2025, 14:27, 383.000000, 20.000000,
CH0020603475, 24.02.2025, 08:30, 383.000000, 1.000000,
CH0020603475, 26.02.2025, 10:29, 380.000000, 4.000000,
CH0020603475, 26.02.2025, 10:29, 375.000000, 21.000000,
CH0020603475, 05.03.2025, 11:35, 376.000000, 1.000000,
CH0020603475, 06.03.2025, 08:30, 376.000000, 29.000000,
CH0020603475, 06.03.2025, 11:31, 376.000000, 6.000000,
CH0020603475, 06.03.2025, 11:31, 383.000000, 19.000000,
CH0020603475, 10.03.2025, 15:53, 375.000000, 20.000000,
CH0020603475, 11.03.2025, 16:28, 375.000000, 88.000000,
CH0020603475, 12.03.2025, 09:03, 375.000000, 12.000000,
CH0020603475, 12.03.2025, 09:03, 375.000000, 177.000000,
CH0020603475, 13.03.2025, 13:16, 375.000000, 10.000000,
CH0020603475, 13.03.2025, 13:52, 375.000000, 140.000000,
CH0020603475, 13.03.2025, 13:52, 375.000000, 10.000000,
CH0020603475, 25.03.2025, 08:30, 375.000000, 2.000000,
CH0020603475, 31.03.2025, 16:35, 380.000000, 15.000000,
CH0020603475, 02.04.2025, 11:30, 380.000000, 8.000000,
CH0020603475, 03.04.2025, 10:03, 375.000000, 100.000000,
CH0020603475, 03.04.2025, 15:12, 385.000000, 2.000000,
CH0020603475, 04.04.2025, 12:55, 375.000000, 40.000000,
CH0020603475, 07.04.2025, 08:43, 375.000000, 10.000000,
CH0020603475, 07.04.2025, 09:00, 375.000000, 6.000000,
CH0020603475, 07.04.2025, 09:09, 375.000000, 94.000000,
CH0020603475, 07.04.2025, 09:56, 375.000000, 120.000000,
CH0020603475, 08.04.2025, 14:44, 375.000000, 50.000000,
CH0020603475, 09.04.2025, 14:36, 375.000000, 50.000000,
CH0020603475, 17.04.2025, 08:30, 375.000000, 8.000000,
CH0020603475, 28.04.2025, 10:53, 380.000000, 1.000000,
CH0020603475, 06.05.2025, 10:33, 375.000000, 28.000000,
CH0020603475, 07.05.2025, 12:52, 380.000000, 25.000000,
CH0020603475, 13.05.2025, 12:13, 375.000000, 3.000000,
CH0020603475, 12.05.2025, 08:30, 375.000000, 2.000000,
CH0020603475, 26.05.2025, 08:33, 380.000000, 5.000000,
CH0020603475, 27.05.2025, 11:28, 375.000000, 50.000000,
CH0020603475, 02.06.2025, 10:54, 380.000000, 20.000000,
CH0020603475, 03.06.2025, 14:55, 380.000000, 30.000000,
CH0020603475, 04.06.2025, 16:36, 380.000000, 2.000000,
CH0020603475, 05.06.2025, 10:38, 375.000000, 50.000000,
CH0020603475, 12.06.2025, 12:41, 376.000000, 50.000000,
CH0020603475, 12.06.2025, 12:41, 376.000000, 20.000000,
CH0020603475, 12.06.2025, 12:41, 375.000000, 259.000000,
CH0020603475, 12.06.2025, 12:41, 375.000000, 4.000000,
CH0020603475, 12.06.2025, 14:11, 370.000000, 25.000000,
CH0020603475, 12.06.2025, 14:32, 370.000000, 242.000000,
CH0020603475, 12.06.2025, 16:43, 370.000000, 7.000000,
CH0020603475, 12.06.2025, 12:41, 374.000000, 40.000000,
CH0020603475, 16.06.2025, 08:32, 391.000000, 5.000000,
CH0020603475, 17.06.2025, 15:55, 375.000000, 30.000000,
CH0020603475, 23.06.2025, 09:18, 375.000000, 1.000000,
CH0020603475, 26.06.2025, 16:25, 375.000000, 52.000000,
CH0020603475, 15.07.2025, 08:30, 385.000000, 50.000000,
CH0020603475, 03.03.2020, 15:22, 301.000000, 60.000000,
CH0020603475, 09.03.2020, 09:34, 303.000000, 20.000000,
CH0020603475, 18.07.2025, 11:29, 375.000000, 5.000000,
CH0020603475, 10.03.2020, 09:02, 301.000000, 1000.000000,
CH0020603475, 25.07.2025, 11:51, 376.000000, 1.000000,
CH0020603475, 30.07.2025, 16:28, 376.000000, 24.000000,
CH0020603475, 31.07.2025, 10:11, 375.000000, 90.000000,
CH0020603475, 04.08.2025, 09:36, 385.000000, 50.000000,
CH0020603475, 30.07.2025, 16:28, 375.000000, 16.000000,
CH0020603475, 05.08.2025, 16:27, 390.000000, 50.000000,
CH0020603475, 05.08.2025, 16:27, 392.000000, 2.000000,
CH0020603475, 15.08.2025, 13:26, 375.000000, 50.000000,
CH0020603475, 19.08.2025, 08:33, 388.000000, 65.000000,
CH0020603475, 19.08.2025, 08:33, 400.000000, 35.000000,
CH0020603475, 22.08.2025, 15:04, 375.000000, 2.000000,
CH0020603475, 25.08.2025, 10:21, 375.000000, 23.000000,
CH0020603475, 25.08.2025, 10:21, 375.000000, 77.000000,
CH0020603475, 28.08.2025, 16:02, 380.000000, 10.000000,
CH0020603475, 02.09.2025, 09:34, 380.000000, 30.000000,
CH0020603475, 12.09.2025, 09:13, 375.000000, 90.000000,
CH0020603475, 12.09.2025, 16:24, 375.000000, 25.000000,
CH0020603475, 16.09.2025, 16:17, 390.000000, 5.000000,
CH0020603475, 22.09.2025, 14:25, 390.000000, 5.000000,
CH0020603475, 03.10.2025, 14:12, 390.000000, 1.000000,
CH0020603475, 10.10.2025, 10:12, 390.000000, 5.000000,
CH0020603475, 16.10.2025, 08:30, 375.000000, 2.000000,
CH0020603475, 20.10.2025, 15:18, 375.000000, 2.000000,
CH0020603475, 20.10.2025, 15:18, 375.000000, 20.000000,
CH0020603475, 20.10.2025, 15:18, 375.000000, 4.000000,
CH0020603475, 21.10.2025, 09:08, 370.000000, 49.000000,
CH0020603475, 21.10.2025, 08:30, 370.000000, 25.000000,
CH0020603475, 27.10.2025, 10:33, 380.000000, 20.000000,
CH0020603475, 29.10.2025, 11:02, 370.000000, 35.000000,
CH0020603475, 06.11.2025, 16:36, 380.000000, 25.000000,
CH0020603475, 10.11.2025, 10:03, 370.000000, 11.000000,
CH0020603475, 10.11.2025, 15:18, 380.000000, 45.000000,
CH0020603475, 12.11.2025, 15:57, 370.000000, 79.000000,
CH0020603475, 12.11.2025, 16:41, 370.000000, 131.000000,
CH0020603475, 26.11.2025, 15:53, 380.000000, 26.000000,
CH0020603475, 04.12.2025, 10:04, 371.000000, 10.000000,
CH0020603475, 08.12.2025, 08:30, 385.000000, 17.000000,
CH0020603475, 09.12.2025, 08:30, 384.000000, 1.000000,
CH0020603475, 10.12.2025, 10:28, 382.000000, 200.000000,
CH0020603475, 10.12.2025, 10:33, 384.000000, 99.000000,
CH0020603475, 11.12.2025, 08:46, 385.000000, 10.000000,
CH0020603475, 11.12.2025, 10:10, 385.000000, 10.000000,
CH0020603475, 11.12.2025, 10:51, 371.000000, 10.000000,
CH0020603475, 11.12.2025, 15:43, 376.000000, 10.000000,
CH0020603475, 11.12.2025, 15:48, 385.000000, 100.000000,
CH0020603475, 12.12.2025, 08:30, 385.000000, 15.000000,
CH0020603475, 12.12.2025, 08:31, 385.000000, 20.000000,
CH0020603475, 12.12.2025, 09:07, 385.000000, 4.000000,
CH0020603475, 12.12.2025, 09:28, 385.000000, 25.000000,
CH0020603475, 12.12.2025, 09:43, 385.000000, 30.000000,
CH0020603475, 12.12.2025, 10:28, 385.000000, 260.000000,
CH0020603475, 12.12.2025, 10:32, 385.000000, 250.000000,
CH0020603475, 12.12.2025, 13:19, 385.000000, 100.000000,
CH0020603475, 12.12.2025, 13:48, 385.000000, 600.000000,
CH0020603475, 12.12.2025, 14:01, 385.000000, 100.000000,
CH0020603475, 12.12.2025, 14:13, 385.000000, 30.000000,
CH0020603475, 12.12.2025, 14:53, 385.000000, 10.000000,
CH0020603475, 12.12.2025, 15:30, 380.000000, 12.000000,
CH0020603475, 12.12.2025, 16:03, 385.000000, 50.000000,
CH0020603475, 12.12.2025, 08:30, 385.000000, 30.000000,
CH0020603475, 12.12.2025, 08:30, 385.000000, 20.000000,
CH0020603475, 15.12.2025, 08:31, 385.000000, 25.000000,
CH0020603475, 15.12.2025, 09:29, 385.000000, 50.000000,
CH0020603475, 15.12.2025, 11:16, 385.000000, 65.000000,
CH0020603475, 15.12.2025, 12:53, 385.000000, 20.000000,
CH0020603475, 15.12.2025, 15:30, 385.000000, 20.000000,
CH0020603475, 02.02.2015, 14:16, 215.000000, 50.000000,
CH0020603475, 02.02.2015, 14:16, 220.000000, 10.000000,
CH0020603475, 02.02.2015, 14:16, 220.000000, 20.000000,
CH0020603475, 02.02.2015, 14:17, 215.000000, 20.000000,
CH0020603475, 04.02.2015, 11:16, 210.000000, 10.000000,
CH0020603475, 05.02.2015, 14:04, 210.000000, 10.000000,
CH0020603475, 05.02.2015, 14:04, 210.000000, 20.000000,
CH0020603475, 09.02.2015, 08:29, 207.000000, 30.000000,
CH0020603475, 09.02.2015, 08:29, 201.000000, 20.000000,
CH0020603475, 09.02.2015, 09:57, 200.000000, 20.000000,
CH0020603475, 09.02.2015, 09:57, 200.000000, 10.000000,
CH0020603475, 09.02.2015, 09:57, 195.000000, 5.000000,
CH0020603475, 09.02.2015, 09:59, 195.000000, 50.000000,
CH0020603475, 09.02.2015, 10:02, 192.000000, 10.000000,
CH0020603475, 09.02.2015, 13:35, 180.500000, 8.000000,
CH0020603475, 09.02.2015, 15:01, 180.500000, 10.000000,
CH0020603475, 09.02.2015, 15:18, 180.500000, 42.000000,
CH0020603475, 09.02.2015, 15:18, 180.000000, 20.000000,
CH0020603475, 10.02.2015, 11:07, 175.000000, 10.000000,
CH0020603475, 10.02.2015, 11:07, 175.000000, 10.000000,
CH0020603475, 10.02.2015, 11:11, 175.000000, 40.000000,
CH0020603475, 12.02.2015, 11:29, 200.000000, 1.000000,
CH0020603475, 12.02.2015, 15:18, 200.000000, 19.000000,
CH0020603475, 16.02.2015, 14:15, 197.000000, 10.000000,
CH0020603475, 24.02.2015, 16:44, 220.000000, 5.000000,
CH0020603475, 25.02.2015, 08:49, 220.000000, 15.000000,
CH0020603475, 26.02.2015, 09:39, 217.500000, 40.000000,
CH0020603475, 27.02.2015, 10:52, 220.000000, 25.000000,
CH0020603475, 03.03.2015, 14:48, 217.500000, 110.000000,
CH0020603475, 03.03.2015, 14:48, 215.000000, 20.000000,
CH0020603475, 03.03.2015, 14:48, 215.000000, 20.000000,
CH0020603475, 05.03.2015, 08:47, 225.000000, 20.000000,
CH0020603475, 02.04.2015, 12:11, 225.000000, 20.000000,
CH0020603475, 20.04.2015, 15:48, 225.000000, 28.000000,
CH0020603475, 29.04.2015, 09:45, 220.000000, 25.000000,
CH0020603475, 06.05.2015, 12:12, 220.000000, 20.000000,
CH0020603475, 07.05.2015, 13:48, 210.000000, 10.000000,
CH0020603475, 13.05.2015, 09:53, 210.000000, 25.000000,
CH0020603475, 15.05.2015, 15:59, 220.000000, 100.000000,
CH0020603475, 15.05.2015, 15:59, 225.000000, 20.000000,
CH0020603475, 15.05.2015, 15:59, 218.000000, 30.000000,
CH0020603475, 15.05.2015, 15:59, 230.000000, 72.000000,
CH0020603475, 19.05.2015, 12:42, 215.000000, 20.000000,
CH0020603475, 19.05.2015, 12:43, 215.000000, 8.000000,
CH0020603475, 20.05.2015, 11:21, 215.000000, 20.000000,
CH0020603475, 21.05.2015, 16:40, 212.000000, 20.000000,
CH0020603475, 15.06.2015, 16:53, 230.000000, 20.000000,
CH0020603475, 17.06.2015, 15:11, 235.000000, 20.000000,
CH0020603475, 17.06.2015, 15:37, 240.000000, 20.000000,
CH0020603475, 19.06.2015, 15:39, 250.000000, 20.000000,
CH0020603475, 19.06.2015, 13:32, 245.000000, 20.000000,
CH0020603475, 22.06.2015, 10:54, 260.000000, 20.000000,
CH0020603475, 25.06.2015, 12:48, 270.000000, 20.000000,
CH0020603475, 30.06.2015, 08:04, 250.000000, 20.000000,
CH0020603475, 30.06.2015, 08:04, 250.000000, 50.000000,
CH0020603475, 30.06.2015, 08:04, 250.000000, 50.000000,
CH0020603475, 30.06.2015, 09:07, 250.000000, 50.000000,
CH0020603475, 30.06.2015, 14:50, 250.000000, 30.000000,
CH0020603475, 02.07.2015, 16:55, 250.000000, 50.000000,
CH0020603475, 02.07.2015, 16:55, 250.000000, 50.000000,
CH0020603475, 15.07.2015, 08:56, 255.000000, 500.000000,
CH0020603475, 15.07.2015, 09:46, 265.000000, 20.000000,
CH0020603475, 03.08.2015, 13:40, 259.000000, 35.000000,
CH0020603475, 03.08.2015, 14:16, 275.000000, 20.000000,
CH0020603475, 03.08.2015, 14:16, 282.000000, 100.000000,
CH0020603475, 03.08.2015, 15:15, 290.000000, 20.000000,
CH0020603475, 18.08.2015, 13:51, 255.000000, 40.000000,
CH0020603475, 19.08.2015, 14:35, 280.000000, 20.000000,
CH0020603475, 20.08.2015, 15:00, 285.000000, 9.000000,
CH0020603475, 24.08.2015, 09:10, 255.000000, 20.000000,
CH0020603475, 26.08.2015, 09:00, 250.000000, 10.000000,
CH0020603475, 26.08.2015, 09:03, 250.000000, 10.000000,
CH0020603475, 26.08.2015, 11:52, 280.000000, 10.000000,
CH0020603475, 26.08.2015, 11:52, 280.000000, 20.000000,
CH0020603475, 27.08.2015, 10:50, 280.000000, 20.000000,
CH0020603475, 27.08.2015, 14:50, 290.000000, 20.000000,
CH0020603475, 10.09.2015, 14:03, 255.000000, 10.000000,
CH0020603475, 10.09.2015, 14:03, 250.000000, 12.000000,
CH0020603475, 15.09.2015, 09:28, 250.000000, 8.000000,
CH0020603475, 15.09.2015, 09:28, 240.000000, 152.000000,
CH0020603475, 15.09.2015, 16:14, 230.000000, 20.000000,
CH0020603475, 15.09.2015, 16:14, 230.000000, 20.000000,
CH0020603475, 22.09.2015, 10:43, 240.000000, 50.000000,
CH0020603475, 25.09.2015, 09:40, 240.000000, 150.000000,
CH0020603475, 25.09.2015, 09:40, 230.000000, 20.000000,
CH0020603475, 25.09.2015, 09:40, 230.000000, 40.000000,
CH0020603475, 25.09.2015, 09:40, 230.000000, 50.000000,
CH0020603475, 29.09.2015, 14:11, 225.000000, 50.000000,
CH0020603475, 29.09.2015, 14:11, 220.000000, 20.000000,
CH0020603475, 29.09.2015, 14:11, 220.000000, 50.000000,
CH0020603475, 29.09.2015, 14:11, 220.000000, 30.000000,
CH0020603475, 30.09.2015, 16:57, 220.000000, 140.000000,
CH0020603475, 01.10.2015, 14:55, 210.000000, 10.000000,
CH0020603475, 01.10.2015, 14:55, 220.000000, 10.000000,
CH0020603475, 01.10.2015, 14:55, 210.500000, 80.000000,
CH0020603475, 07.10.2015, 10:08, 210.000000, 50.000000,
CH0020603475, 03.11.2015, 11:11, 215.000000, 15.000000,
CH0020603475, 23.11.2015, 12:17, 225.000000, 30.000000,
CH0020603475, 27.11.2015, 09:22, 230.000000, 80.000000,
CH0020603475, 27.11.2015, 09:22, 230.000000, 60.000000,
CH0020603475, 27.11.2015, 09:22, 235.000000, 20.000000,
CH0020603475, 27.11.2015, 10:45, 225.000000, 20.000000,
CH0020603475, 27.11.2015, 10:45, 225.000000, 68.000000,
CH0020603475, 03.12.2015, 15:56, 225.000000, 20.000000,
CH0020603475, 03.12.2015, 15:56, 225.000000, 134.000000,
CH0020603475, 04.12.2015, 14:31, 225.000000, 40.000000,
CH0020603475, 17.12.2015, 11:16, 235.000000, 230.000000,
CH0020603475, 21.12.2015, 14:01, 235.000000, 23.000000,
CH0020603475, 23.12.2015, 14:30, 235.000000, 30.000000,
CH0020603475, 23.12.2015, 15:19, 240.000000, 40.000000,
CH0020603475, 30.12.2015, 15:10, 237.000000, 45.000000,
CH0020603475, 30.12.2015, 15:13, 235.000000, 55.000000,
CH0020603475, 04.01.2016, 08:21, 235.000000, 15.000000,
CH0020603475, 15.01.2016, 15:08, 245.000000, 100.000000,
CH0020603475, 29.01.2016, 16:38, 250.000000, 20.000000,
CH0020603475, 29.01.2016, 16:57, 255.000000, 100.000000,
CH0020603475, 29.01.2016, 16:57, 260.000000, 20.000000,
CH0020603475, 29.01.2016, 16:58, 260.000000, 2.000000,
CH0020603475, 11.02.2016, 10:38, 235.000000, 5.000000,
CH0020603475, 11.02.2016, 10:38, 235.000000, 95.000000,
CH0020603475, 17.02.2016, 16:52, 235.000000, 100.000000,
CH0020603475, 23.02.2016, 15:00, 235.000000, 12.000000,
CH0020603475, 04.03.2016, 10:32, 235.000000, 10.000000,
CH0020603475, 07.03.2016, 16:10, 235.000000, 150.000000,
CH0020603475, 10.03.2016, 11:49, 235.000000, 33.000000,
CH0020603475, 15.03.2016, 14:27, 235.000000, 88.000000,
CH0020603475, 31.03.2016, 10:17, 235.000000, 100.000000,
CH0020603475, 31.03.2016, 10:17, 234.000000, 40.000000,
CH0020603475, 31.03.2016, 10:42, 234.000000, 360.000000,
CH0020603475, 12.04.2016, 11:47, 240.000000, 20.000000,
CH0020603475, 13.04.2016, 12:57, 240.000000, 35.000000,
CH0020603475, 28.04.2016, 10:58, 240.000000, 60.000000,
CH0020603475, 29.04.2016, 15:51, 240.000000, 40.000000,
CH0020603475, 09.05.2016, 09:44, 240.000000, 17.000000,
CH0020603475, 27.05.2016, 11:28, 250.000000, 30.000000,
CH0020603475, 10.06.2016, 10:51, 240.000000, 100.000000,
CH0020603475, 10.06.2016, 10:51, 240.000000, 100.000000,
CH0020603475, 10.06.2016, 11:17, 240.000000, 40.000000,
CH0020603475, 10.06.2016, 13:34, 240.000000, 5.000000,
CH0020603475, 10.06.2016, 13:34, 240.000000, 90.000000,
CH0020603475, 10.06.2016, 13:34, 240.000000, 100.000000,
CH0020603475, 10.06.2016, 13:39, 240.000000, 135.000000,
CH0020603475, 13.06.2016, 12:00, 240.000000, 10.000000,
CH0020603475, 20.06.2016, 08:04, 230.200000, 3.000000,
CH0020603475, 24.06.2016, 13:32, 240.000000, 330.000000,
CH0020603475, 24.06.2016, 13:32, 240.000000, 40.000000,
CH0020603475, 29.06.2016, 10:47, 235.000000, 25.000000,
CH0020603475, 01.07.2016, 09:24, 230.200000, 13.000000,
CH0020603475, 11.07.2016, 15:22, 240.000000, 40.000000,
CH0020603475, 13.07.2016, 13:04, 240.000000, 40.000000,
CH0020603475, 15.07.2016, 10:54, 239.000000, 40.000000,
CH0020603475, 25.07.2016, 10:58, 235.000000, 21.000000,
CH0020603475, 27.07.2016, 11:10, 230.200000, 1.000000,
CH0020603475, 29.08.2016, 15:10, 240.000000, 100.000000,
CH0020603475, 29.08.2016, 15:10, 240.000000, 50.000000,
CH0020603475, 02.09.2016, 12:14, 230.200000, 12.000000,
CH0020603475, 08.09.2016, 09:27, 230.200000, 14.000000,
CH0020603475, 23.09.2016, 15:09, 225.200000, 45.000000,
CH0020603475, 23.09.2016, 15:09, 230.200000, 7.000000,
CH0020603475, 23.09.2016, 15:09, 225.100000, 80.000000,
CH0020603475, 30.09.2016, 15:11, 225.100000, 33.000000,
CH0020603475, 04.10.2016, 16:03, 225.100000, 5.000000,
CH0020603475, 06.10.2016, 15:03, 225.100000, 76.000000,
CH0020603475, 14.10.2016, 11:22, 225.100000, 6.000000,
CH0020603475, 14.10.2016, 11:22, 225.000000, 14.000000,
CH0020603475, 19.10.2016, 10:03, 230.000000, 30.000000,
CH0020603475, 19.10.2016, 10:03, 249.000000, 20.000000,
CH0020603475, 21.10.2016, 09:50, 225.000000, 60.000000,
CH0020603475, 26.10.2016, 14:24, 225.000000, 10.000000,
CH0020603475, 04.11.2016, 16:16, 225.000000, 206.000000,
CH0020603475, 04.11.2016, 16:16, 225.000000, 10.000000,
CH0020603475, 04.11.2016, 16:18, 225.000000, 9.000000,
CH0020603475, 07.11.2016, 08:08, 220.000000, 10.000000,
CH0020603475, 07.11.2016, 08:08, 220.000000, 25.000000,
CH0020603475, 07.11.2016, 08:10, 220.000000, 1.000000,
CH0020603475, 09.11.2016, 11:45, 215.000000, 1.000000,
CH0020603475, 09.11.2016, 14:23, 215.000000, 1.000000,
CH0020603475, 08.12.2016, 09:59, 211.000000, 40.000000,
CH0020603475, 08.12.2016, 14:35, 220.000000, 25.000000,
CH0020603475, 08.12.2016, 14:35, 220.000000, 350.000000,
CH0020603475, 14.12.2016, 09:18, 211.000000, 48.000000,
CH0020603475, 14.12.2016, 09:18, 210.000000, 50.000000,
CH0020603475, 14.12.2016, 09:18, 210.000000, 424.000000,
CH0020603475, 14.12.2016, 10:24, 211.000000, 48.000000,
CH0020603475, 14.12.2016, 10:24, 210.000000, 20.000000,
CH0020603475, 14.12.2016, 10:24, 205.000000, 20.000000,
CH0020603475, 14.12.2016, 10:24, 205.000000, 112.000000,
CH0020603475, 16.12.2016, 13:48, 210.000000, 450.000000,
CH0020603475, 16.12.2016, 13:57, 210.000000, 30.000000,
CH0020603475, 29.12.2016, 08:04, 210.000000, 5.000000,
CH0020603475, 29.12.2016, 08:04, 200.000000, 35.000000,
CH0020603475, 11.01.2017, 15:32, 205.000000, 10.000000,
CH0020603475, 11.01.2017, 15:32, 201.000000, 20.000000,
CH0020603475, 16.01.2017, 13:27, 201.000000, 5.000000,
CH0020603475, 16.01.2017, 13:27, 200.000000, 95.000000,
CH0020603475, 25.01.2017, 14:49, 200.000000, 10.000000,
CH0020603475, 26.01.2017, 11:57, 200.000000, 9.000000,
CH0020603475, 02.02.2017, 11:25, 197.000000, 75.000000,
CH0020603475, 02.02.2017, 11:25, 195.000000, 50.000000,
CH0020603475, 02.02.2017, 11:25, 192.000000, 100.000000,
CH0020603475, 02.02.2017, 11:25, 190.100000, 175.000000,
CH0020603475, 02.02.2017, 11:25, 190.000000, 10.000000,
CH0020603475, 02.02.2017, 14:07, 190.000000, 19.000000,
CH0020603475, 02.02.2017, 15:38, 190.000000, 71.000000,
CH0020603475, 02.02.2017, 15:52, 190.000000, 79.000000,
CH0020603475, 02.02.2017, 16:58, 190.000000, 221.000000,
CH0020603475, 08.02.2017, 09:27, 195.000000, 4.000000,
CH0020603475, 08.02.2017, 09:27, 190.000000, 4.000000,
CH0020603475, 08.02.2017, 09:27, 190.000000, 42.000000,
CH0020603475, 10.02.2017, 09:10, 195.000000, 20.000000,
CH0020603475, 20.02.2017, 09:33, 200.000000, 20.000000,
CH0020603475, 20.02.2017, 09:40, 190.000000, 3.000000,
CH0020603475, 02.03.2017, 13:25, 180.000000, 63.000000,
CH0020603475, 07.03.2017, 15:47, 180.200000, 25.000000,
CH0020603475, 07.03.2017, 15:47, 180.000000, 75.000000,
CH0020603475, 13.03.2017, 15:07, 180.100000, 25.000000,
CH0020603475, 13.03.2017, 15:07, 180.000000, 15.000000,
CH0020603475, 20.03.2017, 15:56, 180.000000, 20.000000,
CH0020603475, 20.03.2017, 15:56, 180.000000, 72.000000,
CH0020603475, 20.03.2017, 16:14, 180.000000, 8.000000,
CH0020603475, 23.03.2017, 09:25, 197.900000, 25.000000,
CH0020603475, 23.03.2017, 09:31, 199.800000, 25.000000,
CH0020603475, 24.03.2017, 13:41, 205.000000, 50.000000,
CH0020603475, 24.03.2017, 16:18, 208.000000, 100.000000,
CH0020603475, 24.03.2017, 13:41, 205.000000, 60.000000,
CH0020603475, 24.03.2017, 16:47, 208.000000, 30.000000,
CH0020603475, 04.04.2017, 10:10, 200.000000, 50.000000,
CH0020603475, 06.04.2017, 13:38, 200.000000, 50.000000,
CH0020603475, 07.04.2017, 13:24, 200.000000, 20.000000,
CH0020603475, 13.04.2017, 10:50, 200.000000, 30.000000,
CH0020603475, 19.04.2017, 08:04, 200.000000, 10.000000,
CH0020603475, 19.04.2017, 08:04, 200.000000, 50.000000,
CH0020603475, 19.04.2017, 08:09, 195.000000, 58.000000,
CH0020603475, 20.04.2017, 10:47, 195.000000, 42.000000,
CH0020603475, 20.04.2017, 10:48, 195.000000, 46.000000,
CH0020603475, 25.04.2017, 16:33, 195.000000, 10.000000,
CH0020603475, 27.04.2017, 09:49, 193.000000, 181.000000,
CH0020603475, 03.05.2017, 14:35, 190.000000, 65.000000,
CH0020603475, 03.05.2017, 15:48, 187.100000, 50.000000,
CH0020603475, 03.05.2017, 15:48, 185.000000, 80.000000,
CH0020603475, 09.05.2017, 09:51, 197.000000, 50.000000,
CH0020603475, 10.05.2017, 08:37, 200.000000, 5.000000,
CH0020603475, 18.05.2017, 09:45, 200.000000, 40.000000,
CH0020603475, 22.05.2017, 11:52, 214.900000, 25.000000,
CH0020603475, 22.05.2017, 11:52, 215.000000, 20.000000,
CH0020603475, 22.05.2017, 14:07, 220.000000, 50.000000,
CH0020603475, 24.05.2017, 15:33, 224.900000, 50.000000,
CH0020603475, 24.05.2017, 15:33, 225.000000, 181.000000,
CH0020603475, 15.06.2017, 16:14, 211.000000, 25.000000,
CH0020603475, 28.06.2017, 15:30, 210.000000, 240.000000,
CH0020603475, 29.06.2017, 09:53, 211.000000, 25.000000,
CH0020603475, 18.08.2017, 15:28, 210.000000, 184.000000,
CH0020603475, 18.08.2017, 15:03, 211.000000, 19.000000,
CH0020603475, 18.08.2017, 15:28, 211.000000, 31.000000,
CH0020603475, 18.08.2017, 15:28, 210.000000, 25.000000,
CH0020603475, 30.08.2017, 08:31, 210.000000, 1.000000,
CH0020603475, 04.09.2017, 10:52, 210.000000, 10.000000,
CH0020603475, 18.09.2017, 15:00, 210.000000, 10.000000,
CH0020603475, 18.09.2017, 15:00, 210.000000, 10.000000,
CH0020603475, 20.09.2017, 09:48, 210.000000, 15.000000,
CH0020603475, 20.09.2017, 09:48, 210.000000, 10.000000,
CH0020603475, 20.09.2017, 09:48, 210.000000, 10.000000,
CH0020603475, 29.09.2017, 10:50, 210.000000, 31.000000,
CH0020603475, 29.09.2017, 10:48, 210.000000, 25.000000,
CH0020603475, 02.10.2017, 08:45, 210.000000, 3.000000,
CH0020603475, 06.10.2017, 16:09, 210.000000, 15.000000,
CH0020603475, 09.10.2017, 13:34, 210.000000, 2.000000,
CH0020603475, 10.10.2017, 14:44, 210.000000, 200.000000,
CH0020603475, 16.10.2017, 08:39, 210.000000, 23.000000,
CH0020603475, 16.10.2017, 08:39, 210.000000, 97.000000,
CH0020603475, 07.11.2017, 16:03, 210.000000, 25.000000,
CH0020603475, 15.11.2017, 10:51, 210.000000, 25.000000,
CH0020603475, 15.11.2017, 11:14, 203.000000, 25.000000,
CH0020603475, 15.11.2017, 16:51, 201.500000, 50.000000,
CH0020603475, 15.11.2017, 16:51, 200.000000, 50.000000,
CH0020603475, 16.11.2017, 16:47, 200.000000, 50.000000,
CH0020603475, 17.11.2017, 16:13, 190.000000, 60.000000,
CH0020603475, 17.11.2017, 16:10, 192.500000, 50.000000,
CH0020603475, 17.11.2017, 16:10, 195.000000, 50.000000,
CH0020603475, 17.11.2017, 16:13, 190.000000, 20.000000,
CH0020603475, 17.11.2017, 16:04, 196.000000, 50.000000,
CH0020603475, 27.11.2017, 15:15, 190.000000, 24.000000,
CH0020603475, 28.11.2017, 12:51, 190.000000, 50.000000,
CH0020603475, 11.12.2017, 08:32, 198.000000, 18.000000,
CH0020603475, 14.12.2017, 10:57, 198.000000, 125.000000,
CH0020603475, 14.12.2017, 13:55, 200.000000, 100.000000,
CH0020603475, 15.12.2017, 09:03, 204.500000, 20.000000,
CH0020603475, 15.12.2017, 09:58, 204.500000, 30.000000,
CH0020603475, 14.12.2017, 13:40, 200.000000, 100.000000,
CH0020603475, 19.12.2017, 11:50, 210.000000, 60.000000,
CH0020603475, 20.12.2017, 09:32, 215.000000, 10.000000,
CH0020603475, 22.12.2017, 12:02, 215.000000, 20.000000,
CH0020603475, 27.12.2017, 08:37, 215.000000, 25.000000,
CH0020603475, 04.01.2018, 09:51, 218.000000, 30.000000,
CH0020603475, 04.01.2018, 15:50, 218.000000, 20.000000,
CH0020603475, 09.01.2018, 09:59, 220.000000, 20.000000,
CH0020603475, 15.01.2018, 08:31, 215.000000, 14.000000,
CH0020603475, 19.01.2018, 12:20, 227.500000, 25.000000,
CH0020603475, 19.01.2018, 14:44, 235.000000, 50.000000,
CH0020603475, 22.01.2018, 15:00, 226.000000, 50.000000,
CH0020603475, 24.01.2018, 11:30, 237.000000, 500.000000,
CH0020603475, 24.01.2018, 13:07, 227.000000, 50.000000,
CH0020603475, 24.01.2018, 13:07, 226.000000, 500.000000,
CH0020603475, 30.01.2018, 14:26, 235.000000, 50.000000,
CH0020603475, 30.01.2018, 14:26, 236.000000, 50.000000,
CH0020603475, 06.02.2018, 08:41, 225.000000, 100.000000,
CH0020603475, 06.02.2018, 08:44, 220.000000, 45.000000,
CH0020603475, 13.02.2018, 08:30, 225.000000, 10.000000,
CH0020603475, 13.02.2018, 10:38, 225.000000, 90.000000,
CH0020603475, 13.02.2018, 10:38, 225.000000, 10.000000,
CH0020603475, 20.02.2018, 08:32, 230.000000, 1.000000,
CH0020603475, 15.03.2018, 15:43, 230.000000, 20.000000,
CH0020603475, 28.02.2018, 15:26, 225.000000, 22.000000,
CH0020603475, 06.03.2018, 16:20, 225.000000, 100.000000,
CH0020603475, 08.03.2018, 09:43, 225.000000, 25.000000,
CH0020603475, 08.03.2018, 11:00, 225.000000, 275.000000,
CH0020603475, 08.03.2018, 11:07, 225.000000, 225.000000,
CH0020603475, 14.03.2018, 09:26, 230.000000, 435.000000,
CH0020603475, 26.03.2018, 13:41, 226.000000, 8.000000,
CH0020603475, 10.04.2018, 13:42, 230.000000, 210.000000,
CH0020603475, 10.04.2018, 13:42, 230.000000, 230.000000,
CH0020603475, 10.04.2018, 13:42, 230.000000, 210.000000,
CH0020603475, 07.05.2018, 09:03, 230.000000, 14.000000,
CH0020603475, 27.04.2018, 14:24, 231.000000, 100.000000,
CH0020603475, 04.05.2018, 08:30, 235.000000, 25.000000,
CH0020603475, 04.05.2018, 08:47, 235.000000, 70.000000,
CH0020603475, 04.05.2018, 08:47, 235.000000, 65.000000,
CH0020603475, 16.05.2018, 09:12, 235.000000, 50.000000,
CH0020603475, 07.06.2018, 09:06, 228.000000, 24.000000,
CH0020603475, 07.06.2018, 09:06, 227.000000, 76.000000,
CH0020603475, 13.06.2018, 13:42, 225.000000, 100.000000,
CH0020603475, 13.06.2018, 13:42, 227.000000, 24.000000,
CH0020603475, 13.06.2018, 13:42, 226.000000, 25.000000,
CH0020603475, 13.06.2018, 13:42, 225.000000, 147.000000,
CH0020603475, 18.06.2018, 13:59, 230.000000, 25.000000,
CH0020603475, 18.06.2018, 13:59, 230.000000, 247.000000,
CH0020603475, 10.07.2018, 14:22, 240.000000, 24.000000,
CH0020603475, 10.07.2018, 14:09, 238.500000, 38.000000,
CH0020603475, 10.07.2018, 14:09, 239.500000, 25.000000,
CH0020603475, 10.07.2018, 14:09, 240.000000, 37.000000,
CH0020603475, 10.07.2018, 14:18, 240.000000, 24.000000,
CH0020603475, 10.07.2018, 14:18, 240.000000, 76.000000,
CH0020603475, 11.07.2018, 14:55, 245.000000, 25.000000,
CH0020603475, 13.07.2018, 08:55, 250.000000, 50.000000,
CH0020603475, 13.07.2018, 13:21, 250.000000, 100.000000,
CH0020603475, 16.07.2018, 16:06, 300.000000, 50.000000,
CH0020603475, 16.07.2018, 16:43, 300.000000, 50.000000,
CH0020603475, 10.08.2018, 11:02, 285.000000, 5.000000,
CH0020603475, 02.08.2018, 14:04, 275.000000, 88.000000,
CH0020603475, 02.08.2018, 14:42, 285.000000, 33.000000,
CH0020603475, 03.08.2018, 09:12, 275.000000, 20.000000,
CH0020603475, 10.08.2018, 08:32, 280.000000, 100.000000,
CH0020603475, 20.08.2018, 16:22, 283.000000, 100.000000,
CH0020603475, 23.08.2018, 10:10, 283.000000, 50.000000,
CH0020603475, 23.08.2018, 13:13, 283.000000, 100.000000,
CH0020603475, 23.08.2018, 13:27, 283.000000, 100.000000,
CH0020603475, 20.08.2018, 16:23, 283.000000, 120.000000,
CH0020603475, 20.08.2018, 16:30, 283.000000, 80.000000,
CH0020603475, 22.08.2018, 14:37, 280.000000, 25.000000,
CH0020603475, 23.08.2018, 15:29, 283.000000, 100.000000,
CH0020603475, 29.08.2018, 16:49, 280.000000, 20.000000,
CH0020603475, 07.09.2018, 14:20, 290.000000, 10.000000,
CH0020603475, 07.09.2018, 08:56, 285.000000, 20.000000,
CH0020603475, 20.09.2018, 10:49, 289.000000, 20.000000,
CH0020603475, 24.09.2018, 08:47, 289.000000, 20.000000,
CH0020603475, 24.09.2018, 10:04, 289.000000, 10.000000,
CH0020603475, 24.09.2018, 16:03, 285.000000, 100.000000,
CH0020603475, 25.09.2018, 14:54, 289.000000, 15.000000,
CH0020603475, 09.10.2018, 14:58, 290.000000, 490.000000,
CH0020603475, 10.10.2018, 10:50, 290.000000, 500.000000,
CH0020603475, 10.10.2018, 11:07, 290.000000, 500.000000,
CH0020603475, 11.10.2018, 15:36, 285.000000, 100.000000,
CH0020603475, 26.10.2018, 09:06, 280.000000, 22.000000,
CH0020603475, 26.10.2018, 14:02, 280.000000, 15.000000,
CH0020603475, 29.10.2018, 11:16, 280.000000, 20.000000,
CH0020603475, 30.10.2018, 14:08, 280.000000, 300.000000,
CH0020603475, 30.10.2018, 15:09, 280.000000, 100.000000,
CH0020603475, 01.11.2018, 13:54, 285.000000, 100.000000,
CH0020603475, 06.11.2018, 08:40, 285.000000, 1.000000,
CH0020603475, 29.11.2018, 14:41, 290.000000, 8.000000,
CH0020603475, 05.12.2018, 12:15, 288.000000, 40.000000,
CH0020603475, 05.12.2018, 12:15, 290.000000, 60.000000,
CH0020603475, 11.12.2018, 09:25, 289.500000, 35.000000,
CH0020603475, 11.12.2018, 09:30, 289.500000, 20.000000,
CH0020603475, 11.12.2018, 09:38, 285.000000, 30.000000,
CH0020603475, 11.12.2018, 15:30, 285.000000, 9.000000,
CH0020603475, 12.12.2018, 15:30, 285.000000, 28.000000,
CH0020603475, 13.12.2018, 12:19, 285.000000, 30.000000,
CH0020603475, 17.12.2018, 15:35, 285.000000, 40.000000,
CH0020603475, 07.01.2019, 14:38, 290.000000, 500.000000,
CH0020603475, 07.01.2019, 15:12, 287.000000, 50.000000,
CH0020603475, 14.01.2019, 12:34, 290.000000, 50.000000,
CH0020603475, 15.01.2019, 13:02, 290.000000, 12.000000,
CH0020603475, 18.01.2019, 11:14, 290.000000, 2500.000000,
CH0020603475, 28.01.2019, 09:56, 290.000000, 158.000000,
CH0020603475, 21.01.2019, 08:42, 288.000000, 28.000000,
CH0020603475, 22.01.2019, 10:11, 290.000000, 1.000000,
CH0020603475, 22.01.2019, 10:46, 290.000000, 157.000000,
CH0020603475, 28.01.2019, 11:21, 290.000000, 1712.000000,
CH0020603475, 01.02.2019, 14:17, 285.000000, 5.000000,
CH0020603475, 28.01.2019, 09:44, 290.000000, 2342.000000,
CH0020603475, 28.01.2019, 10:16, 290.000000, 1000.000000,
CH0020603475, 30.01.2019, 10:43, 286.000000, 5.000000,
CH0020603475, 31.01.2019, 10:27, 286.000000, 45.000000,
CH0020603475, 11.02.2019, 08:31, 280.000000, 1.000000,
CH0020603475, 13.02.2019, 16:45, 295.000000, 19.000000,
CH0020603475, 15.02.2019, 11:24, 290.000000, 21.000000,
CH0020603475, 18.02.2019, 10:31, 280.000000, 30.000000,
CH0020603475, 19.02.2019, 09:56, 295.000000, 10.000000,
CH0020603475, 01.03.2019, 15:41, 282.000000, 30.000000,
CH0020603475, 12.03.2019, 14:26, 285.000000, 200.000000,
CH0020603475, 14.03.2019, 11:37, 285.000000, 250.000000,
CH0020603475, 20.03.2019, 14:05, 290.000000, 20.000000,
CH0020603475, 22.03.2019, 10:50, 300.000000, 40.000000,
CH0020603475, 20.03.2019, 14:15, 290.000000, 15.000000,
CH0020603475, 22.03.2019, 10:50, 300.000000, 100.000000,
CH0020603475, 05.04.2019, 13:44, 295.000000, 5.000000,
CH0020603475, 09.04.2019, 15:14, 295.000000, 8.000000,
CH0020603475, 09.04.2019, 10:39, 295.000000, 280.000000,
CH0020603475, 15.04.2019, 16:21, 295.000000, 15.000000,
CH0020603475, 18.04.2019, 08:31, 300.000000, 25.000000,
CH0020603475, 02.05.2019, 16:28, 300.000000, 200.000000,
CH0020603475, 07.05.2019, 13:16, 300.000000, 98.000000,
CH0020603475, 07.05.2019, 09:48, 300.000000, 9.000000,
CH0020603475, 17.05.2019, 12:00, 300.000000, 107.000000,
CH0020603475, 17.05.2019, 12:00, 300.000000, 93.000000,
CH0020603475, 27.05.2019, 09:25, 300.000000, 70.000000,
CH0020603475, 17.05.2019, 13:33, 310.000000, 10.000000,
CH0020603475, 21.05.2019, 13:40, 310.000000, 50.000000,
CH0020603475, 22.05.2019, 10:51, 300.000000, 200.000000,
CH0020603475, 22.05.2019, 10:53, 300.000000, 250.000000,
CH0020603475, 22.05.2019, 14:26, 310.000000, 20.000000,
CH0020603475, 23.05.2019, 08:44, 310.000000, 20.000000,
CH0020603475, 24.05.2019, 14:48, 310.000000, 10.000000,
CH0020603475, 24.05.2019, 14:48, 300.000000, 600.000000,
CH0020603475, 24.05.2019, 14:57, 300.000000, 1395.000000,
CH0020603475, 27.05.2019, 09:25, 310.000000, 30.000000,
CH0020603475, 14.06.2019, 14:40, 301.000000, 70.000000,
CH0020603475, 19.06.2019, 16:08, 301.000000, 30.000000,
CH0020603475, 21.06.2019, 08:56, 301.000000, 93.000000,
CH0020603475, 21.06.2019, 11:04, 301.000000, 3.000000,
CH0020603475, 25.06.2019, 15:51, 302.000000, 5.000000,
CH0020603475, 28.06.2019, 08:30, 302.000000, 12.000000,
CH0020603475, 05.07.2019, 11:16, 301.000000, 119.000000,
CH0020603475, 17.07.2019, 16:08, 305.000000, 350.000000,
CH0020603475, 03.07.2019, 08:32, 310.000000, 10.000000,
CH0020603475, 04.07.2019, 14:16, 310.000000, 15.000000,
CH0020603475, 05.07.2019, 11:16, 302.000000, 3.000000,
CH0020603475, 16.07.2019, 09:50, 305.000000, 45.000000,
CH0020603475, 17.07.2019, 11:45, 302.000000, 16.000000,
CH0020603475, 17.07.2019, 11:45, 301.000000, 32.000000,
CH0020603475, 17.07.2019, 14:34, 301.000000, 5.000000,
CH0020603475, 30.07.2019, 14:28, 301.000000, 10.000000,
CH0020603475, 06.08.2019, 09:35, 301.000000, 31.000000,
CH0020603475, 09.09.2019, 09:51, 310.000000, 4.000000,
CH0020603475, 30.09.2019, 11:26, 315.000000, 50.000000,
CH0020603475, 16.09.2019, 12:02, 310.000000, 15.000000,
CH0020603475, 16.09.2019, 12:06, 312.000000, 8.000000,
CH0020603475, 02.10.2019, 12:53, 315.000000, 250.000000,
CH0020603475, 30.09.2019, 11:43, 301.000000, 100.000000,
CH0020603475, 02.10.2019, 13:15, 310.000000, 8.000000,
CH0020603475, 03.10.2019, 12:29, 310.000000, 196.000000,
CH0020603475, 08.10.2019, 13:45, 310.000000, 46.000000,
CH0020603475, 17.10.2019, 10:46, 306.000000, 300.000000,
CH0020603475, 18.10.2019, 13:19, 311.000000, 500.000000,
CH0020603475, 21.10.2019, 16:01, 311.000000, 700.000000,
CH0020603475, 24.10.2019, 10:54, 307.000000, 1.000000,
CH0020603475, 13.11.2019, 15:07, 303.000000, 40.000000,
CH0020603475, 22.11.2019, 16:27, 303.000000, 60.000000,
CH0020603475, 04.12.2019, 11:34, 302.000000, 3.000000,
CH0020603475, 04.12.2019, 10:20, 302.000000, 7.000000,
CH0020603475, 04.12.2019, 11:34, 301.000000, 32.000000,
CH0020603475, 10.12.2019, 09:29, 305.000000, 33.000000,
CH0020603475, 10.12.2019, 09:31, 302.000000, 25.000000,
CH0020603475, 10.12.2019, 09:36, 302.000000, 25.000000,
CH0020603475, 12.12.2019, 14:05, 301.000000, 122.000000,
CH0020603475, 18.12.2019, 09:54, 305.000000, 1.000000,
CH0020603475, 06.01.2020, 15:21, 310.000000, 100.000000,
CH0020603475, 07.01.2020, 09:28, 313.000000, 50.000000,
CH0020603475, 14.01.2020, 14:53, 314.000000, 50.000000,
CH0020603475, 15.01.2020, 11:37, 310.000000, 20.000000,
CH0020603475, 03.02.2020, 14:58, 315.000000, 150.000000,
CH0020603475, 24.01.2020, 10:23, 310.000000, 10.000000,
CH0020603475, 03.02.2020, 08:47, 310.000000, 10.000000,
CH0020603475, 03.02.2020, 11:14, 315.000000, 50.000000,
CH0020603475, 04.02.2020, 10:45, 302.000000, 25.000000,
CH0020603475, 04.02.2020, 10:40, 310.000000, 10.000000,
CH0020603475, 07.02.2020, 10:19, 302.000000, 100.000000,
CH0020603475, 14.02.2020, 12:14, 305.000000, 17.000000,
CH0020603475, 14.02.2020, 12:25, 305.000000, 10.000000,
CH0020603475, 18.02.2020, 14:58, 332.000000, 10.000000,
CH0020603475, 18.02.2020, 14:58, 330.000000, 10.000000,
CH0020603475, 28.02.2020, 10:50, 301.000000, 200.000000,
CH0020603475, 02.03.2020, 13:34, 301.000000, 31.000000,
CH0020603475, 02.03.2020, 15:50, 301.000000, 100.000000,
CH0020603475, 27.02.2020, 15:22, 301.000000, 125.000000,
CH0020603475, 28.02.2020, 08:48, 301.000000, 200.000000,
CH0020603475, 02.03.2020, 12:27, 301.000000, 200.000000,
CH0020603475, 02.03.2020, 12:27, 301.000000, 200.000000,
CH0020603475, 09.03.2020, 11:05, 303.000000, 80.000000,
CH0020603475, 09.03.2020, 11:05, 301.000000, 70.000000,
CH0020603475, 09.03.2020, 15:22, 301.000000, 200.000000,
CH0020603475, 12.03.2020, 10:41, 301.000000, 100.000000,
CH0020603475, 12.03.2020, 15:15, 301.000000, 100.000000,
CH0020603475, 12.03.2020, 15:15, 301.000000, 100.000000,
CH0020603475, 12.03.2020, 15:53, 301.000000, 225.000000,
CH0020603475, 12.03.2020, 16:56, 301.000000, 200.000000,
CH0020603475, 13.03.2020, 10:36, 301.000000, 200.000000,
CH0020603475, 13.03.2020, 10:36, 301.000000, 200.000000,
CH0020603475, 13.03.2020, 10:36, 301.000000, 159.000000,
CH0020603475, 13.03.2020, 10:51, 301.000000, 41.000000,
CH0020603475, 16.03.2020, 10:21, 301.000000, 159.000000,
CH0020603475, 16.03.2020, 10:21, 301.000000, 41.000000,
CH0020603475, 16.03.2020, 14:01, 301.000000, 150.000000,
CH0020603475, 17.03.2020, 08:32, 301.000000, 150.000000,
CH0020603475, 17.03.2020, 14:35, 301.000000, 2.000000,
CH0020603475, 18.03.2020, 14:19, 250.000000, 10.000000,
CH0020603475, 26.03.2020, 08:31, 332.000000, 10.000000,
CH0020603475, 03.04.2020, 14:51, 280.000000, 12.000000,
CH0020603475, 06.04.2020, 14:38, 280.000000, 40.000000,
CH0020603475, 16.04.2020, 13:24, 331.000000, 3.000000,
CH0020603475, 22.04.2020, 16:00, 315.000000, 17.000000,
CH0020603475, 05.05.2020, 14:36, 280.000000, 100.000000,
CH0020603475, 18.05.2020, 13:10, 295.000000, 15.000000,
CH0020603475, 25.05.2020, 08:33, 295.000000, 4.000000,
CH0020603475, 26.05.2020, 13:15, 290.000000, 20.000000,
CH0020603475, 26.05.2020, 13:15, 285.000000, 27.000000,
CH0020603475, 28.05.2020, 13:00, 280.000000, 25.000000,
CH0020603475, 25.06.2020, 08:30, 280.000000, 2.000000,
CH0020603475, 30.06.2020, 16:49, 275.000000, 15.000000,
CH0020603475, 08.07.2020, 13:04, 275.000000, 16.000000,
CH0020603475, 23.07.2020, 15:28, 276.000000, 20.000000,
CH0020603475, 03.08.2020, 11:47, 276.000000, 50.000000,
CH0020603475, 11.08.2020, 14:46, 283.000000, 18.000000,
CH0020603475, 12.08.2020, 16:07, 276.000000, 40.000000,
CH0020603475, 18.08.2020, 12:46, 280.000000, 50.000000,
CH0020603475, 25.08.2020, 10:42, 276.000000, 10.000000,
CH0020603475, 26.08.2020, 11:23, 276.000000, 33.000000,
CH0020603475, 09.09.2020, 15:20, 280.000000, 110.000000,
CH0020603475, 18.09.2020, 15:57, 274.000000, 10.000000,
CH0020603475, 21.09.2020, 10:20, 260.000000, 2.000000,
CH0020603475, 21.09.2020, 14:15, 273.000000, 70.000000,
CH0020603475, 22.09.2020, 08:33, 274.000000, 30.000000,
CH0020603475, 24.09.2020, 15:12, 273.000000, 100.000000,
CH0020603475, 29.09.2020, 11:48, 300.000000, 50.000000,
CH0020603475, 29.09.2020, 11:59, 300.000000, 100.000000,
CH0020603475, 13.10.2020, 15:40, 300.000000, 250.000000,
CH0020603475, 27.10.2020, 11:45, 295.000000, 44.000000,
CH0020603475, 29.10.2020, 13:31, 295.000000, 100.000000,
CH0020603475, 11.11.2020, 14:15, 305.000000, 50.000000,
CH0020603475, 24.11.2020, 11:28, 305.000000, 100.000000,
CH0020603475, 24.11.2020, 11:28, 300.000000, 50.000000,
CH0020603475, 25.11.2020, 08:31, 308.000000, 35.000000,
CH0020603475, 25.11.2020, 10:17, 300.000000, 50.000000,
CH0020603475, 25.11.2020, 10:17, 300.000000, 143.000000,
CH0020603475, 04.12.2020, 10:29, 305.000000, 80.000000,
CH0020603475, 09.12.2020, 10:58, 300.000000, 10.000000,
CH0020603475, 17.12.2020, 16:01, 300.000000, 5.000000,
CH0020603475, 11.01.2021, 10:26, 305.000000, 494.000000,
CH0020603475, 22.01.2021, 14:27, 308.000000, 50.000000,
CH0020603475, 03.02.2021, 11:30, 304.000000, 30.000000,
CH0020603475, 03.02.2021, 11:30, 301.000000, 20.000000,
CH0020603475, 03.02.2021, 11:30, 300.000000, 100.000000,
CH0020603475, 03.02.2021, 11:52, 300.000000, 100.000000,
CH0020603475, 04.02.2021, 08:42, 305.000000, 150.000000,
CH0020603475, 09.02.2021, 10:43, 305.000000, 8.000000,
CH0020603475, 18.02.2021, 14:59, 315.000000, 11.000000,
CH0020603475, 18.02.2021, 14:59, 320.000000, 20.000000,
CH0020603475, 18.02.2021, 14:59, 327.500000, 10.000000,
CH0020603475, 18.02.2021, 14:59, 345.000000, 9.000000,
CH0020603475, 19.02.2021, 12:49, 306.500000, 15.000000,
CH0020603475, 19.02.2021, 12:50, 306.000000, 15.000000,
CH0020603475, 19.02.2021, 12:50, 305.000000, 20.000000,
CH0020603475, 22.02.2021, 14:56, 340.000000, 15.000000,
CH0020603475, 22.02.2021, 14:56, 342.000000, 10.000000,
CH0020603475, 22.02.2021, 14:56, 345.000000, 4.000000,
CH0020603475, 11.03.2021, 14:09, 306.000000, 15.000000,
CH0020603475, 11.03.2021, 14:09, 305.000000, 5.000000,
CH0020603475, 11.03.2021, 16:33, 305.000000, 50.000000,
CH0020603475, 16.03.2021, 13:49, 305.000000, 1.000000,
CH0020603475, 16.12.2025, 10:15, 385.000000, 60.000000,
CH0020603475, 16.12.2025, 10:31, 385.000000, 100.000000,
CH0020603475, 16.12.2025, 10:38, 385.000000, 64.000000,
CH0020603475, 16.12.2025, 12:41, 385.000000, 30.000000,
CH0020603475, 16.12.2025, 13:46, 385.000000, 3.000000,
CH0020603475, 16.12.2025, 14:26, 385.000000, 20.000000,
CH0020603475, 16.12.2025, 14:49, 385.000000, 20.000000,
CH0020603475, 16.12.2025, 15:05, 385.000000, 227.000000,
